,ID,Relation,Source,Target,PT
0,L03_1,hyponyms - misc,backpack,,mochila
1,,,,daypack,mochila_pequena
2,,,,kitbag,saco_desportivo
3,,,,kit_bag,DUPLICATE_saco_desportivo
5,L03_2,hyponyms - misc,bag,,saco
6,,,,pouch,bolsa
7,,,,backpack,mochila
8,,,,knapsack,DUPLICATE_mochila
9,,,,packsack,DUPLICATE_mochila
10,,,,rucksack,DUPLICATE_mochila
11,,,,haversack,DUPLICATE_mochila
12,,,,beanbag,pufe
13,,,,bladder,algália
14,,,,carryall,saco_de_viagem
15,,,,holdall,DUPLICATE_saco_de_viagem
16,,,,tote,saco_de_pano
17,,,,drawstring,saco_de_cordões
18,,,,dust,saco_de_aspirador
19,,,,vacuum,DUPLICATE_saco_de_aspirador
20,,,,envelope,envelope
21,,,,gasbag,reservatório_de_gás
22,,,,gamebag,saco_de_caça
23,,,,golf,saco_de_golfe
24,,,,gunnysack,saco_de_juta
25,,,,gunny,DUPLICATE_saco_de_juta
26,,,,burlap,serapilheira
27,,,,ice,saco_de_gelo
28,,,,mailbag,saco_de_correio
29,,,,postbag,DUPLICATE_saco_de_correio
30,,,,nosebag,embornal
31,,,,feedbag,saco_de_ração
32,,,,pannier,alforge
33,,,,plastic,saco_de_plástico
34,,,,purse,DUPLICATE_bolsa
35,,,,ragbag,saco_de_farrapos
36,,,,rosin,saco_de_resina
37,,,,sachet,saqueta
38,,,,sack,saca
39,,,,poke,algibeira
40,,,,paper,saco_de_papel
41,,,,carrier,saco_de_compras
42,,,,saddlebag,DUPLICATE_alforge
43,,,,sandbag,saco_de_areia
44,,,,schoolbag,mochila_escolar
45,,,,shopping,DUPLICATE_saco_de_compras
46,,,,sick_bag,saco_para_o_enjoo
47,,,,sickbag,DUPLICATE_saco_para_o_enjoo
48,,,,skin,odre
49,,,,sleeping,saco_cama
50,,,,sweat,saco_de_ginásio
51,,,,tea,saco_de_chá
52,,,,toilet,estojo_de_tocador
53,,,,sponge,DUPLICATE_estojo_de_tocador
54,,,,tool,saco_de_ferramentas
55,,,,tucker-bag,DUPLICATE_mochila
57,L03_3,hyponyms - misc,bed,,cama
58,,,,bunk,beliche
59,,,,berth,DUPLICATE_beliche
60,,,,built,cama_embutida
61,,,,built-in,DUPLICATE_cama_embutida
62,,,,cot,berço
63,,,,camp,DUPLICATE_berço
64,,,,couch,sofá_cama
65,,,,deathbed,leito_de_morte
66,,,,double,cama_dupla
67,,,,four-poster,cama_de_dossel
68,,,,hammock,cama_de_rede
69,,,,sack,saco_cama
70,,,,marriage_bed,cama_de_casal
71,,,,murphy,DUPLICATE_cama_embutida
72,,,,plank-bed,cama_de_tábuas
73,,,,platform,cama_de_plataforma
74,,,,sickbed,cama_de_hospital
75,,,,single_bed,cama_de_solteiro
76,,,,sleigh,cama_de_trenó
77,,,,trundle,cama_de_gavetão
78,,,,truckle,DUPLICATE_cama_de_gavetão
79,,,,twin,DUPLICATE_cama_dupla
80,,,,water,cama_de_água
81,,,,semi-double,cama_de_corpo_e_meio
82,,,,semidouble,DUPLICATE_cama_de_corpo_e_meio
84,L03_4,hyponyms - misc,boat,,barco
85,,,,ferry,balsa
86,,,,ark,arca
87,,,,barge,barcaça
88,,,,flatboat,DUPLICATE_barcaça
89,,,,hoy,batelão
90,,,,lighter,DUPLICATE_barcaça
91,,,,bumboat,barco_de_mercadorias
92,,,,canal_boat,barco_de_canal
93,,,,narrow_boat,barco_estreito
94,,,,narrowboat,DUPLICATE_barco_estreito
95,,,,ferryboat,ferry
96,,,,fireboat,barco_de_bombeiros
97,,,,gondola,gôndola
98,,,,guard_boat,barco_de_guarda
99,,,,gunboat,canhoneira
100,,,,junk,junco
101,,,,longboat,barco_longo
102,,,,lugger,lugre
103,,,,mackinaw,veleiro_leve
104,,,,mailboat,barco_correio
105,,,,mail,DUPLICATE_barco_correio
106,,,,packet,paquete
107,,,,motorboat,lancha
108,,,,powerboat,DUPLICATE_lancha
109,,,,pilot,piloto_de_barco
110,,,,police,barco_de_polícia
111,,,,punt,chata
112,,,,river_boat,barco_de_rio
113,,,,scow,DUPLICATE_chata
114,,,,sea_boat,barco_de_mar
115,,,,small_boat,barco_pequeno
116,,,,steamboat,barco_a_vapor
117,,,,surfboat,barco_de_surf
118,,,,tender_boat,barco_macio
119,,,,pinnace,DUPLICATE_lancha
120,,,,cutter_boat,chalupa
121,,,,tugboat,rebocador
122,,,,tug,DUPLICATE_rebocador
123,,,,towboat,DUPLICATE_rebocador
124,,,,tower_boat,DUPLICATE_rebocador
125,,,,yacht,iate
126,,,,sail,barco_a_vela
127,,,,row,barco_a_remos
128,,,,canoe,canoa
129,,,,kayak,caiaque
130,,,,paddle,DUPLICATE_barco_a_remos
131,,,,paddle_boat,DUPLICATE_barco_a_remos
132,,,,,"rabelo,barca_serrana"
133,L03_5,hyponyms - misc,book,,livro
134,,,,paperback,livro_de_capa_mole
135,,,,album,álbum
136,,,,folio,fólio
137,,,,hardback,livro_de_capa_dura
138,,,,hardcover,DUPLICATE_livro_de_capa_dura
139,,,,journal,diário
140,,,,novel,novela
141,,,,order,encomenda
142,,,,paper-back,DUPLICATE_livro_de_capa_mole
143,,,,softback,DUPLICATE_livro_de_capa_mole
144,,,,soft-cover,DUPLICATE_livro_de_capa_mole
145,,,,picture,livro_de_fotografias
146,,,,sketchbook,caderno_de_esboços
147,,,,sketch,DUPLICATE_caderno_de_esboços
148,,,,notebook,caderno
150,L03_6,hyponyms - misc,brush,,escova
151,,,,toothbrush,escova_de_dentes
152,,,,bottlebrush,escova_de_garrafas
153,,,,bristle,cerda
154,,,,clothesbrush,escova_de_roupa
155,,,,hairbrush,escova_de_cabelo
156,,,,nailbrush,escova_de_unhas
157,,,,paintbrush,pincel
158,,,,sable,DUPLICATE_pincel
159,,,,scrub,esfregão
160,,,,scrubbing,DUPLICATE_esfregão
161,,,,scrubber,DUPLICATE_esfregão
162,,,,shaving_brush,pincel_de_barbear
164,L03_7,hyponyms - misc,burger,,hambúrguer
165,,,,hamburger,DUPLICATE_hambúrguer
166,,,,cheeseburger,hambúrguer_com_queijo
167,,,,50,NO_TRANSLATION
168,,,,50_burger,DUPLICATE_NO_TRANSLATION
169,,,,angus_burger,hambúrguer_angus
170,,,,banquet_burger,hambúrguer_de_banquete
171,,,,barbecue_burger,hambúrguer_de_churrasco
172,,,,bøfsandwich,DUPLICATE_hambúrguer
173,,,,utter_burge,DUPLICATE_hambúrguer
174,,,,buffalo_burger,hambúrguer_de_búfalo
175,,,,california_burger,hambúrguer_californiano
176,,,,chili_burger,hambúrguer_de_chili
177,,,,curry_burger,hambúrguer_de_caril
178,,,,hamdog,DUPLICATE_NO_TRANSLATION
179,,,,salmon_burger,hambúrguer_de_salmão
180,,,,rice_burger,hambúrguer_de_arroz
181,,,,veggie_burger,hambúrguer_vegetariano
183,L03_8,hyponyms - misc,camera,,câmara
184,,,,camcorder,câmara_de_filmar
185,,,,box_camera,câmara_obscura
186,,,,box_kodak,NO_TRANSLATION
187,,,,candid_camera,câmara_oculta
188,,,,digital_camera,câmara_digital
189,,,,flash_camera,câmara_com_flash
190,,,,motion-picture_camera,câmara_cinematográfica
191,,,,movie_camera,DUPLICATE_câmara_cinematográfica
192,,,,cine-camera,DUPLICATE_câmara_cinematográfica
193,,,,point-and-shoot_camera,câmara_de_apontar_e_disparar
194,,,,point-and-shoot,DUPLICATE_câmara_de_apontar_e_disparar
195,,,,polaroid_camera,câmara_polaroid
196,,,,polaroid_land_camera,câmara_polaroid_terrestre
197,,,,polaroid,polaroid
198,,,,portrait_camera,câmara_de_retratos
199,,,,reflex_camera,câmara_reflex
200,,,,webcam,câmara_web
201,,,,webcamera,DUPLICATE_câmara_web
202,,,,sound_camera,câmara_de_som
203,,,,,câmara_analógica
204,L03_9,hyponyms - misc,candy,,doce
205,,,,lollipop,chupa-chupa
206,,,,candy_bar,barra_de_chocolate
207,,,,carob_bar,barra_de_alfarroba
208,,,,hard_candy,rebuçado
209,,,,brandyball,brigadeiro
210,,,,patty,NO_TRANSLATION
211,,,,bonbon,bombom
212,,,,brittle,DUPLICATE_nougat
213,,,,toffee,caramelo
214,,,,toffy,DUPLICATE_caramelo
215,,,,butterscotch,caramelo_de_manteiga
216,,,,candy_cane,bengala_doce
217,,,,candy_corn,milho_doce
218,,,,caramel,DUPLICATE_caramelo
219,,,,cotton_candy,algodão_doce
220,,,,spun_sugar,DUPLICATE_algodão_doce
221,,,,candyfloss,DUPLICATE_algodão_doce
222,,,,dragee,drageia
223,,,,fondant,pasta_de_acúcar
224,,,,fudge,doce_de_açúcar
225,,,,gumdrop,pastilha
226,,,,honey_crisp,mel_crocante
227,,,,mint,DUPLICATE_doce_de_menta
228,,,,mint_candy,doce_de_menta
229,,,,horehound,marroio
230,,,,jelly_bean,goma
231,,,,jelly_egg,DUPLICATE_goma
232,,,,kiss,beijo
233,,,,candy_kiss,beijo_doce
234,,,,licorice,alcaçuz
235,,,,liquorice,DUPLICATE_alcaçuz
236,,,,life_saver,DUPLICATE_goma
237,,,,sucker,DUPLICATE_chupa-chupa
238,,,,all-day_sucker,DUPLICATE_chupa-chupa
239,,,,lozenge,DUPLICATE_rebuçado
240,,,,marshmallow,alteia
241,,,,marzipan,maçapão
242,,,,marchpane,DUPLICATE_maçapão
243,,,,nougat,nougat
244,,,,nougat_bar,barra_de_nougat
245,,,,nut_bar,barra_de_nozes
246,,,,peanut_bar,barra_de_amendoim
247,,,,popcorn_ball,DUPLICATE_NO_TRANSLATION
248,,,,praline,praliné
249,,,,rock_candy,DUPLICATE_rebuçado
250,,,,rock,DUPLICATE_rebuçado
251,,,,sugar_candy,DUPLICATE_doce_de_açúcar
252,,,,sugarplum,ameixa_doce
253,,,,taffy,DUPLICATE_caramelo
254,,,,truffle,DUPLICATE_trufa_de_chocolate
255,,,,chocolate_truffle,trufa_de_chocolate
256,,,,turkish_delight,delícias_turcas
257,,,,easter_egg,ovos_de_páscoa
259,L03_10,hyponyms - misc,car,,carro
260,,,,limousine,limusina
261,,,,convertible,descapotável
262,,,,ambulance,âmbulância
263,,,,beach,carro_de_praia
264,,,,wagon,vagão
265,,,,station,carrinha
266,,,,estate,DUPLICATE_carrinha
267,,,,waggon,DUPLICATE_vagão
268,,,,bus,autocarro
269,,,,jalopy,calhambeque
270,,,,heap,pilha_de_carros
271,,,,cab,táxi
272,,,,hack,DUPLICATE_táxi
273,,,,taxi,DUPLICATE_táxi
274,,,,taxicab,DUPLICATE_táxi
275,,,,compact,carro_compacto
276,,,,coupe,cupé
277,,,,cruiser,NO_TRANSLATION
278,,,,police,carro_de_polícia
279,,,,patrol,carro_de_patrulha
280,,,,prowl,DUPLICATE_carro_de_patrulha
281,,,,squad,DUPLICATE_carro_de_patrulha
282,,,,electric,carro_eléctrico
283,,,,hardtop,capota_rígida
284,,,,hatchback,DUPLICATE_NO_TRANSLATION
285,,,,hot-rod,DUPLICATE_NO_TRANSLATION
286,,,,jeep,jipe
287,,,,landrover,DUPLICATE_NO_TRANSLATION
288,,,,limo,DUPLICATE_limusina
289,,,,loaner,carro_de_substituição
290,,,,minicar,DUPLICATE_carro_pequeno
291,,,,minivan,carrinha_pequena
292,,,,model,modelo
293,,,,pace,carro_de_segurança
294,,,,racer,carro_de_corrida
295,,,,race,DUPLICATE_carro_de_corrida
296,,,,racing,DUPLICATE_carro_de_corrida
297,,,,roadster,carro_desportivo
298,,,,runabout,carro_pequeno
299,,,,two-seater,carro_de_dois_lugares
300,,,,sedan,berlina
301,,,,saloon,DUPLICATE_carrinha
302,,,,sports,DUPLICATE_carro_desportivo
303,,,,sport,DUPLICATE_carro_desportivo
304,,,,suv,DUPLICATE_NO_TRANSLATION
305,,,,stanley,DUPLICATE_NO_TRANSLATION
306,,,,steamer,carro_a_vapor
307,,,,stock,DUPLICATE_NO_TRANSLATION
308,,,,subcompact,carro_subcompacto
309,,,,touring,DUPLICATE_carrinha
310,,,,tourer,DUPLICATE_carrinha
311,,,,used,carro_usado
312,,,,secondhand,DUPLICATE_carro_usado
314,L03_11,hyponyms - misc,church,,igreja
315,,,,chapel,capela
316,,,,abbey,abadia
317,,,,basilica,basílica
318,,,,cathedral,catedral
319,,,,duomo,DUPLICATE_catedral
320,,,,kirk,DUPLICATE_igreja
322,L03_12,hyponyms - misc,citrus,,citrino
323,,,,lemon,limão
324,,,,orange,laranja
325,,,,lime,lima
326,,,,mandarin,mandarina
327,,,,tangerine,tangerina
328,,,,yuzu,NO_TRANSLATION
329,,,,,clementina
330,L03_13,hyponyms - misc,cloud,,nuvem
331,,,,thundercloud,nuvem_de_tempestade
332,,,,cirrocumulus,cirro-cúmulo
333,,,,cirrostratus,DUPLICATE_cirro-estrato
334,,,,cirrus,cirro
335,,,,contrail,nuvem_alongada
336,,,,condensation,nuvem_de_condensação
337,,,,trail,DUPLICATE_nuvem_alongada
338,,,,cumulonimbus,cúmulo-nimbo
339,,,,cumulus,cúmulo
340,,,,nacreous,nuvem_estratosférica_polar
341,,,,nebule,neblina
342,,,,nimbus,nimbo
343,,,,rain,nuvem_de_chuva
344,,,,storm,tempestade
345,,,,stratus,estrato
346,,,,mushroom,nuvem_em_cogumelo
347,,,,smoke,nuvem_de_fumo
349,L03_14,hyponyms - misc,collar,,colar
350,,,,choker,gargantilha
351,,,,ruff,colarinho_de_renda
352,,,,ruffle,DUPLICATE_colarinho_de_renda
353,,,,clerical,clérgima
354,,,,roman_collar,DUPLICATE_clérgima
355,,,,dog_collar,coleira
356,,,,eton_collar,colarinho_largo
357,,,,rabato_collar,DUPLICATE_colarinho_de_renda
358,,,,rebato_collar,DUPLICATE_colarinho_de_renda
359,,,,turtleneck,gola_alta
360,,,,polo-neck,DUPLICATE_gola_alta
361,,,,neckpiece,gola
363,L03_15,hyponyms - misc,color,,cor
364,,,,white,branco
365,,,,black,preto
366,,,,blue,azul
367,,,,green,verde
368,,,,red,vermelho
369,,,,yello,amarelo
370,,,,orange,laranja
371,,,,vermilion,vermelhão
372,,,,amber,âmbar
373,,,,chartreuse,verde-amarelado
374,,,,teal,verde-azulado
375,,,,violet,violeta
376,,,,magenta,magenta
377,,,,rose,rosa
378,,,,azure,azul-ciano
379,,,,cyan,ciano
380,,,,indigo,índigo
381,,,,purple,roxo
382,,,,brown,castanho
385,L03_16,hyponyms - misc,computer,,computador
386,,,,laptop,computador_portátil
387,,,,desktop,computador_de_secretária
388,,,,tablet,tablet
389,,,,smartphone,smartphone
390,,,,supercomputer,supercomputador
391,,,,iphone,NO_TRANSLATION
392,,,,ipad,DUPLICATE_NO_TRANSLATION
393,,,,,computador_pessoal
394,L03_17,hyponyms - misc,container,,contentor
395,,,,bag,saco
396,,,,handbag,carteira
397,,,,pocketbook,livro_de_bolso
398,,,,purse,bolsa
399,,,,basket,cesta
400,,,,handbasket,cesta_de_mão
401,,,,bin,caixote
402,,,,bowl,tigela
403,,,,pipe,cano
404,,,,box,caixa
405,,,,bread-bin,caixa_de_pão
406,,,,breadbox,DUPLICATE_caixa_de_pão
407,,,,bunker,contentor
408,,,,can,lata
409,,,,tin,DUPLICATE_lata
410,,,,canister,vasilha
411,,,,cannister,DUPLICATE_vasilha
412,,,,capsule,cápsula
413,,,,cargo,cargueiro
414,,,,case,pasta
415,,,,display,escaparate
416,,,,showcase,mostruário
417,,,,vitrine,vitrine
418,,,,cassette,cassete
419,,,,cup,copo
420,,,,cylinder,cilindro
421,,,,dice,caixa_de_dados
422,,,,dish,prato
423,,,,dispenser,distribuidor
424,,,,drawer,gaveta
425,,,,dumpster,caixote_do_lixo
426,,,,empty,vazio
427,,,,envelope,envelope
428,,,,glass,caixa_de_vidro
429,,,,bottle,garrafa
430,,,,mailer,embalagem
431,,,,manger,manjedoura
432,,,,trough,tina
433,,,,measure,medida
434,,,,mold,molde
435,,,,mould,DUPLICATE_molde
436,,,,cast,caixa_fundida
437,,,,package,pacote
438,,,,parcel,parcela
439,,,,pan,frigideira
440,,,,pod,vagem
441,,,,pot,panela
442,,,,flowerpot,vaso_de_flores
443,,,,flask,frasco
444,,,,receptacle,receptáculo
445,,,,reliquary,relicário
446,,,,saltcellar,saleiro
447,,,,savings,mealheiro
448,,,,bank,banco
449,,,,coin,moeda
450,,,,money,dinheiro
451,,,,scuttle,postigo
452,,,,coal,balde_para_carvão
453,,,,shaker,batedor
454,,,,spoon,colher
455,,,,thimble,dedal
456,,,,vessel,embarcação
457,,,,waste-paper,DUPLICATE_caixote_do_lixo
458,,,,wastebasket,DUPLICATE_caixote_do_lixo
459,,,,waste,DUPLICATE_caixote_do_lixo
460,,,,file,arquivo
461,,,,workbasket,cesto_de_costura
462,,,,workbox,caixa_de_ferramentas
463,,,,workbag,mala
464,,,,,forma
465,L03_18,hyponyms - misc,cookware,,utensílios_de_cozinha
466,,,,pot,panela
467,,,,baster,pipeta
468,,,,chafing,caçarola
469,,,,dish,prato
470,,,,cooker,fogão
471,,,,sheet,chapa
472,,,,tray,bandeja
473,,,,enamelware,louça_esmaltada
474,,,,grid,grelha
475,,,,gridiron,DUPLICATE_grelha
476,,,,griddle,DUPLICATE_grelha
477,,,,pan,frigideira
478,,,,poacher,escalfador
479,,,,skimmer,escumadeira
480,,,,steamer,vaporizador
481,,,,turner,espátula
482,,,,,"caçarola,cataplana"
483,L03_19,hyponyms - misc,cup,,taça
484,,,,teacup,chávena_de_chá
485,,,,beaker,medidor
486,,,,chalice,cálice
487,,,,goblet,DUPLICATE_cálice
488,,,,coffee_cup,chávena_de_café
489,,,,dixie,NO_TRANSLATION
490,,,,paper_cup,copo_de_papel
491,,,,grace,DUPLICATE_NO_TRANSLATION
492,,,,kylix,cílice
493,,,,cylix,DUPLICATE_cílice
494,,,,mustache_cup,DUPLICATE_NO_TRANSLATION
495,,,,moustache_cup,DUPLICATE_NO_TRANSLATION
496,,,,scyphus,DUPLICATE_NO_TRANSLATION
497,,,,grail,graal
499,L03_20,hyponyms - misc,cushion,,almofada
500,,,,pincushion,almofada_de_alfinetes
501,,,,pillow,travesseiro
502,,,,air,almofada_de_ar
503,,,,inflatable,almofada_insulável
504,,,,gaddi,NO_TRANSLATION
505,,,,hassock,coxim
506,,,,headrest,encosto_de_cabeça
507,,,,seat,assento
509,L03_21,hyponyms - misc,cutlery,,cutelaria
510,,,,knife,faca
511,,,,fork,garfo
512,,,,spoon,colher
513,,,,tablefork,garfo_de_mesa
514,,,,teaspoon,colher_de_chá
515,,,,dessert_spoon,colher_de_sobremesa
516,,,,salad_fork,garfo_de_salada
517,,,,carving_fork,garfo_de_trinchar
518,,,,,"faca_de_carne,faca_de_peixe,garfo_de_carne,garfo_de_peixe,faca_de_manteiga"
519,L03_22,hyponyms - misc,dessert,,sobremesa
520,,,,cake,bolo
521,,,,ambrosia,NO_TRANSLATION
522,,,,baked_alaska,DUPLICATE_NO_TRANSLATION
523,,,,blancmange,manjar_branco
524,,,,charlotte,charlotte
525,,,,compote,compota
526,,,,fruit_compote,compota_de_fruta
527,,,,dumpling,bolinho_de_massa
528,,,,flan,pudim
529,,,,frozen_dessert,sobremesa_gelada
530,,,,junket,colhada
531,,,,mold,forma
532,,,,mould,DUPLICATE_forma
533,,,,mousse,mousse
534,,,,pavlova,pavlova
535,,,,peach_melba,pêssego_melba
536,,,,pudding,DUPLICATE_pudim
537,,,,pud,DUPLICATE_pudim
538,,,,syllabub,DUPLICATE_NO_TRANSLATION
539,,,,sillabub,DUPLICATE_NO_TRANSLATION
540,,,,tiramisu,tiramisu
541,,,,whip,DUPLICATE_NO_TRANSLATION
542,,,,zabaglione,DUPLICATE_NO_TRANSLATION
543,,,,sabayon,DUPLICATE_NO_TRANSLATION
544,,,,charlotte_russe,charlotte_russa
545,,,,apple_dumpling,DUPLICATE_NO_TRANSLATION
546,,,,frozen_custard,creme_gelado
547,,,,soft_ice_cream,gelado_macio
548,,,,frozen_pudding,pudim_gelado
549,,,,frozen_yogurt,iogurte_gelado
550,,,,ice-cream_cake,bolo_de_gelado
551,,,,icebox_cake,DUPLICATE_NO_TRANSLATION
552,,,,ice-cream_cone,cone_de_gelado
553,,,,ice-cream_sundae,DUPLICATE_gelado
554,,,,sundae,DUPLICATE_gelado
555,,,,ice,gelo
556,,,,frappe,frappé
557,,,,ice_cream,gelado
558,,,,icecream,DUPLICATE_gelado
559,,,,ice_lolly,gelado_de_gelo
560,,,,lolly,chupa-chupa
561,,,,lollipop,DUPLICATE_chupa-chupa
562,,,,popsicle,DUPLICATE_gelado_de_gelo
563,,,,ice_milk,gelado_de_leite
564,,,,parfait,parfait
565,,,,sherbert,limonada
566,,,,sherbet,DUPLICATE_limonada
567,,,,snowball,bola_de_neve
568,,,,split,DUPLICATE_NO_TRANSLATION
569,,,,chocolate_mousse,mousse_de_chocolate
570,,,,trifle,DUPLICATE_NO_TRANSLATION
571,,,,brown_betty,DUPLICATE_NO_TRANSLATION
572,,,,chocolate_pudding,pudim_de_chocolate
573,,,,duff,DUPLICATE_NO_TRANSLATION
574,,,,plum_duff,bolo_de_ameixa
575,,,,flummery,DUPLICATE_NO_TRANSLATION
576,,,,nesselrode,pudim_nesselrode
577,,,,nesselrode_pudding,DUPLICATE_pudim_nesselrode
578,,,,pease_pudding,pudim_de_ervilhas
579,,,,plum_pudding,pudim_de_ameixa
580,,,,christmas_pudding,pudim_de_natal
581,,,,roly-poly,DUPLICATE_NO_TRANSLATION
582,,,,roly-poly_pudding,DUPLICATE_NO_TRANSLATION
583,,,,steamed_pudding,pudim_de_vapor
584,,,,suet_pudding,pudim_de_sebo
585,,,,tapioca_pudding,pudim_de_tapioca
586,,,,vanilla_pudding,pudim_de_baunilha
587,,,,prune_whip,DUPLICATE_NO_TRANSLATION
588,,,,water_ice,DUPLICATE_sorvete
589,,,,sorbet,sorvete
590,,,,chocolate_ice_cream,gelado_de_chocolate
591,,,,neapolitan_ice_cream,gelado_napolitano
592,,,,peach_ice_cream,gelado_de_pêssego
593,,,,strawberry_ice_cream,gelado_de_morango
594,,,,tutti-frutti,tutti-frutti
595,,,,vanilla_ice_cream,gelado_de_baunilha
596,,,,banana_split,DUPLICATE_NO_TRANSLATION
597,,,,tipsy_cake,DUPLICATE_NO_TRANSLATION
598,,,,spotted_dick,DUPLICATE_NO_TRANSLATION
599,,,,choc-ice,DUPLICATE_NO_TRANSLATION
600,,,,,"ovos_moles,barrigas_de_freira,salame_de_chocolote,bolo_de_bolacha,quindim,farófias,filhós"
601,L03_23,hyponyms - misc,dress,,vestido
602,,,,gown,DUPLICATE_vestido
603,,,,caftan,cafetã
604,,,,kaftan,DUPLICATE_cafetã
605,,,,chemise,camisa
606,,,,sack,NO_TRANSLATION
607,,,,shift,DUPLICATE_NO_TRANSLATION
608,,,,coatdress,casaco
609,,,,cocktail_dress,vestudo_de_cerimónia
610,,,,sheath,bainha
611,,,,dirndl,DUPLICATE_NO_TRANSLATION
612,,,,jumper,DUPLICATE_NO_TRANSLATION
613,,,,pinafore,bata
614,,,,pinny,bibe
615,,,,kirtle,túnica
616,,,,morning,vestido_matinal
617,,,,evening,vestido_de_noite
618,,,,muumuu,DUPLICATE_NO_TRANSLATION
619,,,,polonaise,polonesa
620,,,,sari,sári
621,,,,saree,DUPLICATE_sári
622,,,,shirtdress,DUPLICATE_NO_TRANSLATION
623,,,,strapless,vestido_sem_alças
624,,,,sundress,vestido_de_verão
626,L03_24,hyponyms - misc,drum,,tambor
627,,,,tambourine,pandeireta
628,,,,bass_drum,bombo
629,,,,gran_casa,NO_TRANSLATION
630,,,,bongo,bongó
631,,,,bongo_drum,DUPLICATE_bongó
632,,,,snare_drum,tambor_de_parada
633,,,,snare,tarola
634,,,,side_drum,DUPLICATE_tarola
635,,,,tabor,DUPLICATE_tambor
636,,,,tabour,DUPLICATE_tambor
637,,,,tambour,DUPLICATE_tambor
638,,,,tenor_drum,tambor_tenor
639,,,,tom-tom,timbalão
640,,,,timbrel,adufe
641,,,,djembe,djembé
642,,,,doumbek,DUPLICATE_NO_TRANSLATION
643,,,,darbuka,DUPLICATE_NO_TRANSLATION
644,,,,,"tom-tom,timbalão_de_chão,tímbalo"
645,L03_25,hyponyms - misc,emotion,,emoção
646,,,,anger,raiva
647,,,,choler,cólera
648,,,,ire,ira
649,,,,anxiety,ansiedade
650,,,,conditioned_emotional_response,resposta_emocional_condicionada
651,,,,cer,rec
652,,,,conditioned_emotion,emoção_condicionada
653,,,,emotional_state,estado_emocional
654,,,,spirit,espírito
655,,,,fear,medo
656,,,,fearfulness,timidez
657,,,,fright,susto
658,,,,reverence,reverência
659,,,,awe,temor
660,,,,veneration,veneração
661,,,,hate,ódio
662,,,,hatred,DUPLICATE_ódio
663,,,,joy,alegria
664,,,,joyousness,contentamento
665,,,,joyfulness,júbilo
666,,,,love,amor
667,,,,annoyance,aborrecimento
668,,,,chafe,irritação
669,,,,vexation,vexame
670,,,,bad_temper,mau_feitio
671,,,,ill_temper,DUPLICATE_mau_feitio
672,,,,dander,indignação
673,,,,hackles,crispação
674,,,,fury,fúria
675,,,,rage,DUPLICATE_fúria
676,,,,madness,loucura
677,,,,huffiness,rancor
678,,,,indignation,DUPLICATE_indignação
679,,,,outrage,ultraje
680,,,,infuriation,enfurecimento
681,,,,enragement,enraivecimento
682,,,,umbrage,ressentimento
683,,,,offense,ofensa
684,,,,offence,DUPLICATE_ofensa
685,,,,angst,angústia
686,,,,anxiousness,DUPLICATE_ansiedade
687,,,,disquiet,inquietação
688,,,,concern,preocupação
689,,,,care,cuidado
690,,,,discomfiture,desconforto
691,,,,discomposure,descomposição
692,,,,disconcertion,desconcerto
693,,,,disconcertment,DUPLICATE_desconcerto
694,,,,edginess,nervosismo
695,,,,uneasiness,mal-estar
696,,,,inquietude,inquietude
697,,,,disquietude,DUPLICATE_inquietude
698,,,,insecurity,insegurança
699,,,,jitteriness,DUPLICATE_nervosismo
700,,,,jumpiness,DUPLICATE_nervosismo
701,,,,nervousness,DUPLICATE_nervosismo
702,,,,restiveness,DUPLICATE_inquietude
703,,,,scruple,escrúpulo
704,,,,qualm,DUPLICATE_escrúpulo
705,,,,misgiving,apreensão
706,,,,sinking,sensação_de_afundamento
707,,,,sinking_feeling,DUPLICATE_sensação_de_afundamento
708,,,,worry,DUPLICATE_preocupação
709,,,,trouble,problema
710,,,,ecstasy,êxtase
711,,,,rapture,DUPLICATE_êxtase
712,,,,transport,arrebatamento
713,,,,exaltation,exaltação
714,,,,raptus,DUPLICATE_êxtase
715,,,,embarrassment,embaraço
716,,,,gratification,gratificação
717,,,,satisfaction,satisfação
718,,,,happiness,felicidade
719,,,,felicity,DUPLICATE_felicidade
720,,,,state,DUPLICATE_estado_emocional
721,,,,unhappiness,infelicidade
722,,,,alarm,alarme
723,,,,dismay,desânimo
724,,,,consternation,consternação
725,,,,apprehension,DUPLICATE_apreensão
726,,,,apprehensiveness,DUPLICATE_apreensão
727,,,,dread,DUPLICATE_temor
728,,,,creeps,calafrio
729,,,,frisson,frisson
730,,,,shiver,DUPLICATE_arrepio
731,,,,chill,DUPLICATE_arrepio
732,,,,quiver,tremor
733,,,,shudder,estremecer
734,,,,thrill,DUPLICATE_excitação
735,,,,tingle,formigueiro
736,,,,horror,horror
737,,,,hysteria,histeria
738,,,,intimidation,intimidação
739,,,,panic,pânico
740,,,,terror,terror
741,,,,affright,DUPLICATE_susto
742,,,,scare,DUPLICATE_susto
743,,,,panic_attack,ataque_de_pânico
744,,,,stage_fright,medo_do_palco
745,,,,timidity,DUPLICATE_timidez
746,,,,timidness,DUPLICATE_timidez
747,,,,timorousness,DUPLICATE_timidez
748,,,,abhorrence,aversão
749,,,,abomination,abominação
750,,,,detestation,repulsa
751,,,,execration,execração
752,,,,loathing,repugnância
753,,,,odium,DUPLICATE_ódio
754,,,,despisal,desprezo
755,,,,despising,DUPLICATE_desprezo
756,,,,hostility,hostilidade
757,,,,enmity,inimizade
758,,,,ill_will,má_vontade
759,,,,malevolence,malevolência
760,,,,malignity,malignidade
761,,,,misanthropy,misantropia
762,,,,misogamy,misogamia
763,,,,misogyny,misoginia
764,,,,misogynism,misoginismo
765,,,,misology,misologia
766,,,,misoneism,misoneísmo
767,,,,misopedia,misopédia
768,,,,murderousness,impulso_assassino
769,,,,elation,elação
770,,,,high_spirits,alto_astral
771,,,,lightness,leveza
772,,,,exhilaration,regozijo
773,,,,excitement,excitação
774,,,,exuberance,exuberância
775,,,,exultation,exultação
776,,,,jubilance,DUPLICATE_júbilo
777,,,,jubilancy,DUPLICATE_júbilo
778,,,,jubilation,DUPLICATE_júbilo
779,,,,agape,ágape
780,,,,agape_love,amor_ágape
781,,,,amorousness,amorosidade
782,,,,enamoredness,enamoramento
783,,,,ardor,ardor
784,,,,ardour,DUPLICATE_ardor
785,,,,benevolence,benevolência
786,,,,devotion,devoção
787,,,,devotedness,DUPLICATE_devoção
788,,,,filial_love,amor_filial
789,,,,heartstrings,fundo_do_coração
790,,,,lovingness,DUPLICATE_amorosidade
791,,,,caring,DUPLICATE_cuidado
792,,,,loyalty,lealdade
793,,,,puppy_love,amor_juvenil
794,,,,calf_love,DUPLICATE_amor_juvenil
795,,,,crush,paixoneta
796,,,,infatuation,paixão
797,,,,worship,adoração
798,,,,adoration,DUPLICATE_adoração
799,,,,aggravation,agravamento
800,,,,exasperation,exasperação
801,,,,displeasure,desagrado
802,,,,frustration,frustração
803,,,,harassment,assédio
804,,,,torment,tormento
805,,,,pique,DUPLICATE_ressentimento
806,,,,temper,temperamento
807,,,,irritation,DUPLICATE_irritação
808,,,,fit,ataque_emocional
809,,,,tantrum,birra
810,,,,scene,cena
811,,,,conniption,ataque_de_nervos
812,,,,irascibility,irascibilidade
813,,,,short_temper,irritabilidade
814,,,,spleen,má_disposição
815,,,,quick_temper,DUPLICATE_irritabilidade
816,,,,lividity,lividez
817,,,,wrath,DUPLICATE_fúria
818,,,,dudgeon,DUPLICATE_ressentimento
819,,,,high_dudgeon,ressentimento_forte
820,,,,willies,DUPLICATE_nervosismo
821,,,,comfort,conforto
822,,,,quality_of_life,qualidade_de_vida
823,,,,blessedness,bem-aventurança
824,,,,beatitude,beatitude
825,,,,beatification,beatificação
826,,,,radiance,radiância
827,,,,embitterment,amargura
828,,,,sadness,tristeza
829,,,,sorrow,DUPLICATE_tristeza
830,,,,sorrowfulness,DUPLICATE_tristeza
831,,,,pall,mortalha
832,,,,foreboding,DUPLICATE_pressentimento
833,,,,premonition,premonição
834,,,,presentiment,pressentimento
835,,,,boding,presságio
836,,,,gloom,DUPLICATE_melancolia
837,,,,gloominess,melancolia
838,,,,somberness,sobriedade
839,,,,sombreness,DUPLICATE_sobriedade
840,,,,suspense,suspense
841,,,,trepidation,trepidação
842,,,,swivet,agitação_extrema
843,,,,cold_feet,DUPLICATE_apreensão
844,,,,diffidence,desconfiança
845,,,,self-doubt,DUPLICATE_insegurança
846,,,,self-distrust,DUPLICATE_insegurança
847,,,,shyness,DUPLICATE_timidez
848,,,,aggression,agressão
849,,,,aggressiveness,agressividade
850,,,,animosity,antipatia
851,,,,animus,animus
852,,,,bad_blood,DUPLICATE_amargura
853,,,,antagonism,antagonismo
854,,,,belligerence,beligerância
855,,,,belligerency,DUPLICATE_beligerância
856,,,,class_feeling,sentimento_de_classe
857,,,,resentment,DUPLICATE_ressentimento
858,,,,bitterness,DUPLICATE_amargura
859,,,,gall,fel
860,,,,rancor,DUPLICATE_rancor
861,,,,rancour,DUPLICATE_rancor
862,,,,maleficence,maleficência
863,,,,malice,malícia
864,,,,maliciousness,DUPLICATE_malícia
865,,,,spite,despeito
866,,,,spitefulness,DUPLICATE_despeito
867,,,,venom,veneno
868,,,,vindictiveness,vingança
869,,,,vengefulness,DUPLICATE_vingança
870,,,,misocainea,medo_de_novas_ideias
871,,,,euphoria,euforia
872,,,,euphory,DUPLICATE_euforia
873,,,,bang,estrondo
874,,,,boot,fim_de_relação_amorosa
875,,,,charge,mudança
876,,,,rush,agitação
877,,,,flush,rubor
878,,,,kick,entusiasmo
879,,,,intoxication,intoxicação
880,,,,titillation,titilação
881,,,,triumph,triunfo
882,,,,beneficence,beneficência
883,,,,warmheartedness,cordialidade
884,,,,warmth,DUPLICATE_cordialidade
885,,,,nirvana,nirvana
886,,,,enlightenment,iluminação
887,,,,mourning,luto
888,,,,bereavement,DUPLICATE_luto
889,,,,poignance,pungência
890,,,,poignancy,DUPLICATE_pungência
891,,,,presage,DUPLICATE_presságio
892,,,,shadow,sombra
893,,,,hesitance,hesitação
894,,,,hesitancy,DUPLICATE_hesitação
895,,,,unassertiveness,inassertividade
896,,,,warpath,desordem
897,,,,envy,inveja
898,,,,enviousness,DUPLICATE_inveja
899,,,,grudge,DUPLICATE_rancor
900,,,,score,pontuação_emocional
901,,,,grievance,DUPLICATE_ofensa
902,,,,heartburning,DUPLICATE_ressentimento
903,,,,sulkiness,amúo
904,,,,huffishness,DUPLICATE_indignação
905,,,,covetousness,cobiça
906,,,,jealousy,ciúmes
907,,,,green-eyed_monster,DUPLICATE_inveja
908,,,,penis_envy,inferioridade
910,L03_26,hyponyms - misc,flask,,frasco
911,,,,thermos,termo
912,,,,ampulla,âmbula
913,,,,canteen,cantil
914,,,,erlenmeyer_flask,balão_de_erlenmeyer
915,,,,hipflask,frasco_de_bolso
916,,,,pocket_flask,garrafa_de_bolso
917,,,,round-bottom_flask,balão_de_fundo_redondo
918,,,,vacuum_flask,balão_de_vácuo
919,,,,vacuum_bottle,garrafa_de_vácuo
920,,,,dewar_flask,frasco_de_dewar
921,,,,dewar,dewar
922,,,,thermos_bottle,garrafa_térmica
923,,,,thermos_flask,DUPLICATE_garrafa_térmica
924,,,,,balão_volumétrico
925,L03_27,hyponyms - misc,guitar,,guitarra
926,,,,ukulele,ukulele
927,,,,bass,baixo
928,,,,bass_guitar,viola_baixo
929,,,,acoustic_guitar,guitarra_acústica
930,,,,cittern,cítara
931,,,,cithern,DUPLICATE_cítara
932,,,,cither,DUPLICATE_cítara
933,,,,citole,DUPLICATE_cítara
934,,,,gittern,DUPLICATE_cítara
935,,,,electric_guitar,guitarra_elétrica
936,,,,hawaiian,guitarra_havaiana
937,,,,steel,DUPLICATE_guitarra_havaiana
938,,,,uke,DUPLICATE_ukulele
939,,,,,"guitarra_clássica,guitarra_de_12_cordas,guitarra_espanhola,guitarra_portuguesa,guitarra_de_coimbra"
940,L03_28,hyponyms - misc,gun,,arma
941,,,,rifle,espingarda
942,,,,air,DUPLICATE_pressão_de_ar
943,,,,airgun,pressão_de_ar
944,,,,antiaircraft,antiaéreo
945,,,,flak,DUPLICATE_antiaéreo
946,,,,flack,DUPLICATE_antiaéreo
947,,,,pom-pom,DUPLICATE_canhão
948,,,,ack-ack,artilharia_antiaérea
949,,,,breechloader,espingarda_de_retrocarga
950,,,,cannon,canhão
951,,,,firearm,arma_de_fogo
952,,,,piece,fuzil
953,,,,small-arm,arma_de_pequeno_porte
954,,,,gas,arma_de_gás
955,,,,minute,pistola_de_minutos
956,,,,quaker,quaker
957,,,,set,DUPLICATE_sistema_de_auto_disparo
958,,,,spring,sistema_de_auto_disparo
959,,,,whaling,canhão_baleeiro
960,,,,,"carabina,rifle,pistola"
961,L03_29,hyponyms - misc,jewel,,jóia
962,,,,diamond,diamante
963,,,,ruby,rubi
964,,,,pearl,pérola
965,,,,emerald,esmeralda
966,,,,sapphire,safira
968,L03_30,hyponyms - misc,jewelry,,joalharia
969,,,,bracelet,pulseira
970,,,,bead,conta
971,,,,bijou,miçangas
972,,,,bling,NO_TRANSLATION
973,,,,bling_bling,bling_bling
974,,,,bangle,bracelete
975,,,,clip,clipe
976,,,,cufflink,botões_de_punho
977,,,,earring,brinco
978,,,,jewel,jóia
979,,,,gem,gema
980,,,,precious_stone,pedra_preciosa
981,,,,necklace,colar
982,,,,pin,alfinete
983,,,,ring,anel
984,,,,band,DUPLICATE_anel
985,,,,tie_clip,clipe_para_gravata
986,,,,bugle,conta_de_vidro
987,,,,anklet,tornozeleira
988,,,,ankle_bracelet,argola_de_tornozelo
989,,,,armilla,armila
990,,,,pendant_earring,brinco_de_pingente
991,,,,drop_earring,DUPLICATE_brinco_de_pingente
992,,,,eardrop,pingente
993,,,,crown_jewel,jóia_da_coroa
994,,,,diamond,diamante
995,,,,emerald,esmeralda
996,,,,pearl,pérola
997,,,,ruby,rubi
998,,,,sapphire,safira
999,,,,solitaire,anel_solitário
1000,,,,chain,corrente
1001,,,,string,fio
1002,,,,strand,DUPLICATE_fio
1003,,,,choker,DUPLICATE_gargantilha
1004,,,,collar,colarinho
1005,,,,dog_collar,coleira
1006,,,,neckband,gargantilha
1007,,,,brooch,broche
1008,,,,broach,DUPLICATE_broche
1009,,,,breastpin,alfinete_de_peito
1010,,,,scatter_pin,afinete_de_lapela
1011,,,,stickpin,DUPLICATE_alfinete_de_gravata
1012,,,,tie_tack,DUPLICATE_alfinete_de_gravata
1013,,,,tiepin,alfinete_de_gravata
1014,,,,scarfpin,afinete_de_cachecol
1015,,,,annulet,DUPLICATE_anelzinho
1016,,,,engagement_ring,anel_de_noivado
1017,,,,mourning_ring,anel_de_luto
1018,,,,ringlet,anelzinho
1019,,,,signet_ring,anel_com_sinete
1020,,,,seal_ring,anel_com_selo
1021,,,,wedding_ring,aliança
1022,,,,wedding_band,DUPLICATE_aliança
1023,,,,ice,DUPLICATE_NO_TRANSLATION
1024,,,,sparkler,brilhante
1025,,,,seed_pearl,DUPLICATE_conta
1026,,,,sunburst,DUPLICATE_NO_TRANSLATION
1027,,,,,"terço,rosário,amuleto"
1028,L03_31,hyponyms - misc,mixer,,misturadora
1029,,,,blender,DUPLICATE_liquidificadora
1030,,,,liquidizer,liquidificadora
1031,,,,liquidiser,DUPLICATE_liquidificadora
1032,,,,eggbeater,batedeira
1033,,,,eggwhisk,DUPLICATE_batedeira
1034,,,,electric,batedeira_elétrica
1035,,,,whisk,batedor
1036,,,,,varinha_mágica
1037,L03_32,hyponyms - misc,month,,mês
1038,,,,january,janeiro
1039,,,,february,fevereiro
1040,,,,march,março
1041,,,,april,abril
1042,,,,may,maio
1043,,,,june,junho
1044,,,,july,julho
1045,,,,august,agosto
1046,,,,september,setembro
1047,,,,october,outubro
1048,,,,november,novembro
1049,,,,december,dezembro
1050,,,,jan,jan
1051,,,,feb,fev
1052,,,,mar,mar
1053,,,,apr,abr
1054,,,,jun,jun
1055,,,,jul,jul
1056,,,,aug,ago
1057,,,,sep,set
1058,,,,oct,out
1059,,,,nov,nov
1060,,,,dec,dez
1062,L03_33,hyponyms - misc,oven,,forno
1063,,,,broiler,grelhador
1064,,,,dutch_oven,forno_holandês
1065,,,,gas_oven,forno_a_gás
1066,,,,rotisserie,churrasqueira
1067,,,,tandoor,tandoor
1069,L03_34,hyponyms - misc,painting,,pintura
1070,,,,watercolor,aquarela
1071,,,,abstraction,abstrata
1072,,,,cityscape,paisagem_urbana
1073,,,,daub,pintura_de_reboco
1074,,,,distemper,pintura_a_têmpera
1075,,,,finger-painting,pintura_com_dedos
1076,,,,icon,ícone
1077,,,,ikon,DUPLICATE_ícone
1078,,,,landscape,paisagem
1079,,,,miniature,miniatura
1080,,,,illumination,iluminura
1081,,,,monochrome,monocromo
1082,,,,mural,mural
1083,,,,wall,pintura_de_parede
1084,,,,nude,nu
1085,,,,nude_painting,DUPLICATE_nu
1086,,,,oil,óleo
1087,,,,pentimento,pentimento
1088,,,,sand,pintura_com_areia
1089,,,,seascape,paisagem_marítima
1090,,,,waterscape,marinha
1091,,,,semi-abstraction,semi-abstrata
1092,,,,still_life,natureza_morta
1093,,,,tanka,tanka
1094,,,,water-color,DUPLICATE_aquarela
1095,,,,watercolour,DUPLICATE_aquarela
1096,,,,water-colour,DUPLICATE_aquarela
1097,,,,fresco,fresco
1098,,,,graffitti,graffitti
1099,,,,,"retrato,auto-retrato,pintura_de_género,abstração,paisagem_natural"
1100,L03_35,hyponyms - misc,poem,,poema
1101,,,,haiku,haiku
1102,,,,abecedarius,abecedarius
1103,,,,alcaic,alcaico
1104,,,,alcaic_verse,verso_alcaico
1105,,,,ballad,balada
1106,,,,lay,lai
1107,,,,ballade,DUPLICATE_balada
1108,,,,blank_verse,verso_branco
1109,,,,elegy,elegia
1110,,,,lament,lamento
1111,,,,epic_poem,poema_épico
1112,,,,heroic_poem,poema_heroico
1113,,,,epic,épico
1114,,,,epos,epopeia
1115,,,,free_verse,verso_livre
1116,,,,vers_libre,DUPLICATE_verso_livre
1117,,,,lyric,lírico
1118,,,,lyric_poem,poema_lírico
1119,,,,rondeau,rondé
1120,,,,rondel,DUPLICATE_rondé
1121,,,,sonnet,soneto
1122,,,,tanka,tanka
1123,,,,terza_rima,terceira
1124,,,,verse,verso
1125,,,,rhyme,rima
1126,,,,versicle,versículo
1127,,,,,"sextina,quadra,oitava,terceto"
1128,L03_36,hyponyms - misc,railway,,ferrovia
1129,,,,monorail,monorail
1130,,,,cable,teleférico
1131,,,,funicular,funicular
1132,,,,cog,NO_TRANSLATION
1133,,,,rack,caminho-de-ferro_de_cremalheira
1134,,,,elevated,comboio_elevado
1135,,,,el,DUPLICATE_comboio_elevado
1136,,,,overhead,DUPLICATE_comboio_elevado
1137,,,,metro,metro
1138,,,,tube,DUPLICATE_metro
1139,,,,underground,metropolitano
1140,,,,subway,DUPLICATE_metro
1141,,,,rail,carril
1142,,,,,"elétrico,bonde,tranvia"
1143,L03_37,hyponyms - misc,season,,época
1144,,,,spring,primavera
1145,,,,harvest,colheitas
1146,,,,haying,ceifa
1147,,,,fall,DUPLICATE_outono
1148,,,,autumn,outono
1149,,,,springtime,DUPLICATE_primavera
1150,,,,summer,verão
1151,,,,summertime,DUPLICATE_verão
1152,,,,winter,inverno
1153,,,,wintertime,DUPLICATE_inverno
1154,,,,rainy,chuvas
1155,,,,dry,seca
1156,,,,growing,crescimento
1157,,,,seedtime,sementeiras
1158,,,,sheepshearing,tosquia
1159,,,,holiday,festas
1160,,,,high,alta
1161,,,,peak,DUPLICATE_alta
1162,,,,off-season,baixa
1163,,,,preseason,pré-época
1164,,,,baseball,temporada_de_basebol
1165,,,,basketball,temporada_de_basquetebol
1166,,,,exhibition,exposições
1167,,,,concert,concertos
1168,,,,fishing,época_da_pesca
1169,,,,football,temporada_de_futebol
1170,,,,hockey,temporada_de_hóquei
1171,,,,hunting,época_da_caça
1172,,,,social,NO_TRANSLATION
1173,,,,theatrical,DUPLICATE_NO_TRANSLATION
1174,,,,whitsun,pentecostes
1175,,,,whitsuntide,DUPLICATE_pentecostes
1176,,,,whitweek,semana_branca
1177,,,,,"vindimas,férias,tornados"
1178,L03_38,hyponyms - misc,seat,,assento
1179,,,,chair,cadeira
1180,,,,bench,banco
1181,,,,box,camarote
1182,,,,ottoman,divã
1183,,,,pouf,pufe
1184,,,,pouffe,DUPLICATE_pufe
1185,,,,puff,DUPLICATE_pufe
1186,,,,hassock,genuflexório
1187,,,,sofa,sofá
1188,,,,couch,DUPLICATE_sofá
1189,,,,lounge,poltrona
1190,,,,stool,tamborete
1191,,,,toilet,sanita
1192,,,,,"retrete,chaise-longue,mocho"
1193,L03_39,hyponyms - misc,shelf,,prateleira
1194,,,,bookshelf,prateleira_de_livros
1195,,,,hob,placa
1196,,,,mantel,cornija
1197,,,,mantelpiece,DUPLICATE_cornija
1198,,,,mantle,DUPLICATE_cornija
1199,,,,mantlepiece,DUPLICATE_cornija
1200,,,,chimneypiece,DUPLICATE_cornija
1201,,,,overmantel,prateleira_de_fogão
1202,,,,berm,berma
1203,,,,,"estante,guarda_loiça,mão_francesa"
1204,L03_40,hyponyms - misc,shirt,,camisola
1205,,,,polo,pólo
1206,,,,camise,NO_TRANSLATION
1207,,,,dashiki,dashiki
1208,,,,daishiki,DUPLICATE_dashiki
1209,,,,dress,vestido
1210,,,,evening,camisa
1211,,,,hair,cilício
1212,,,,jersey,malha
1213,,,,t-shirt,t-shirt
1214,,,,tee,DUPLICATE_t-shirt
1215,,,,kurta,kurta
1216,,,,sport,camisola_desportiva
1217,,,,tank,camisola_de_manga_cava
1218,,,,work-shirt,DUPLICATE_NO_TRANSLATION
1219,,,,,"camisola_de_alças,camisola_de_fato_de_treino,blusa,corpete,camiseta,camisa_interior"
1220,L03_41,hyponyms - misc,shoes,,sapatos
1221,,,,sneakers,sapatilhas
1222,,,,anklet,polainas_de_caçador
1223,,,,baby_shoes,sapatos_de_bebé
1224,,,,balmoral,DUPLICATE_sapatos_clássicos
1225,,,,blucher,blucher
1226,,,,bowling_shoes,sapatos_de_bowling
1227,,,,brogan,bota_de_trabalho
1228,,,,brogue,brogue
1229,,,,clodhopper,sapatão
1230,,,,work_shoes,galochas
1231,,,,calceus,calceus
1232,,,,chopine,chopine
1233,,,,platform_shoes,sapatos_de_cunha
1234,,,,chukka,chukka
1235,,,,boots,botas
1236,,,,cleats,chuteiras
1237,,,,congress_shoes,botinas
1238,,,,gaiters,polainas
1239,,,,flipper_shoes,chinelos
1240,,,,fin_shoes,barbatanas
1241,,,,ghillie,ghillie
1242,,,,gillie,DUPLICATE_ghillie
1243,,,,gym_shoes,sapatos_de_ginásio
1244,,,,tennis_shoes,ténis
1245,,,,loafers,DUPLICATE_mocassim
1246,,,,moccasins,mocassim
1247,,,,mocassins,DUPLICATE_mocassim
1248,,,,oxford_shoes,sapatos_clássicos
1249,,,,pump_shoes,escarpins
1250,,,,running_shoes,sapatos_de_corrida
1251,,,,sabot,socos
1252,,,,wooden_shoes,tamancos
1253,,,,sandals,sandálias
1254,,,,slingbacks,sapatos_abertos
1255,,,,sling_shoes,DUPLICATE_sapatos_abertos
1256,,,,walker_shoes,DUPLICATE_sapatos_para_caminhar
1257,,,,walking_shoes,sapatos_para_caminhar
1258,,,,wedgie,DUPLICATE_sapatos_de_cunha
1259,,,,wing_shoes,sapatos_de_asa
1260,,,,tip_shoes,sapatos_de_ponta
1261,,,,stiletto,sapatos_de_salto_agulha
1262,,,,heeled,sapatos_de_salto
1263,,,,,"sabrina,sapatos_de_tacão,botins,pantufas,coturnos,basqueteira"
1264,L03_42,hyponyms - misc,sofa,,sofá
1265,,,,divan,divã
1266,,,,diwan,DUPLICATE_divã
1267,,,,convertible_sofa,sofá_convertível
1268,,,,daybed,sofá-cama
1269,,,,loveseat,namoradeira
1270,,,,settee,canapé
1271,,,,squab,DUPLICATE_sofá
1272,,,,,"chaise_longue,poltrona"
1273,L03_43,hyponyms - misc,song,,canção
1274,,,,lullaby,canção_de_embalar
1275,,,,religious_song,canção_religiosa
1276,,,,anthem,hino
1277,,,,aria,ária
1278,,,,ballad,balada
1279,,,,lay,lai
1280,,,,barcarole,barcarola
1281,,,,barcarolle,DUPLICATE_barcarola
1282,,,,ditty,cançoneta
1283,,,,dirge,canto_lutoso
1284,,,,coronach,canto_fúnebre
1285,,,,lament,lamento
1286,,,,requiem,réquiem
1287,,,,threnody,trenode
1288,,,,drinking_song,música_para_beber
1289,,,,folk_song,canção_popular
1290,,,,folksong,DUPLICATE_canção_popular
1291,,,,folk_ballad,balada_folclórica
1292,,,,lied,lied
1293,,,,love_song,canção_de_amor
1294,,,,love-song,DUPLICATE_canção_de_amor
1295,,,,cradlesong,DUPLICATE_canção_de_embalar
1296,,,,berceuse,DUPLICATE_canção_de_embalar
1297,,,,oldie,sucesso_antigo
1298,,,,golden_oldie,clássico
1299,,,,partsong,NO_TRANSLATION
1300,,,,prothalamion,protalâmio
1301,,,,prothalamium,DUPLICATE_protalâmio
1302,,,,roundelay,rondó
1303,,,,scolion,escólio
1304,,,,banquet_song,canção_de_banquete
1305,,,,serenade,serenata
1306,,,,torch_song,DUPLICATE_NO_TRANSLATION
1307,,,,work_song,canção_de_trabalho
1308,,,,,"cantiga,canto_lúgrebe,canção_popular,cântico"
1309,L03_44,hyponyms - misc,spice,,especiaria
1310,,,,pepper,pimenta
1311,,,,allspice,pimenta-da-jamaica
1312,,,,ajwain,ajowan
1313,,,,cumin,cominhos
1314,,,,caraway_seed,alcaravia
1315,,,,cardamom,cardamomo
1316,,,,cassia,cássia
1317,,,,cayenne,pimenta-calena
1318,,,,celery_seeds,aipo
1319,,,,chile_pepper,pimenta_chili
1320,,,,chile,chili
1321,,,,cinnamon,canela
1322,,,,clove,cravinho
1323,,,,coriander,coentros
1324,,,,dill,endro
1325,,,,fennel,funcho
1326,,,,fenugreek,fenacho
1327,,,,frankincense,olíbano
1328,,,,galangal,galanga
1329,,,,garlic,alho
1330,,,,ginger,gengibre
1331,,,,horseradish,rábano
1332,,,,jalapeño,jalapeño
1333,,,,juniper,zimbro
1334,,,,licorice,alcaçuz
1335,,,,mace,macis
1336,,,,mustard,mostarda
1337,,,,nutmeg,noz-moscada
1338,,,,onion,cebolinho
1339,,,,paprika,pimentão_doce
1340,,,,peppercorns,pimenta_preta
1341,,,,saffron,açafrão
1342,,,,savory,segurelha
1343,,,,sesame,sésamo
1344,,,,anise,anis
1345,,,,sumac,sumagre
1346,,,,tabasco,tabasco
1347,,,,tamarind,tamarindo
1348,,,,turmeric,curcuma
1349,,,,five_spice_powder,cinco-perfumes-chineses
1350,,,,powdered_ginger,gengibre_em_pó
1351,,,,chinese_anise,anis_da_china
1352,,,,star_anise,anis-estrelado
1353,,,,star_aniseed,badiana
1354,,,,,pimenta-do-reino
1355,L03_45,hyponyms - misc,sweater,,camisola
1356,,,,turtleneck,camisola_de_gola_alta
1357,,,,cardigan,casaco_de_malha
1358,,,,pullover,pulôver
1359,,,,slipover,pulôver_sem_mangas
1360,,,,turtle,DUPLICATE_camisola_de_gola_alta
1361,,,,polo-neck,DUPLICATE_camisola_de_gola_alta
1362,,,,,"camisola_de_lã,suéter"
1363,L03_46,hyponyms - misc,tool,,ferramenta
1364,,,,rake,ancinho
1365,,,,abrader,pedra_de_lixa
1366,,,,abradant,lixa
1367,,,,bender,cintradora
1368,,,,clincher,grampo
1369,,,,comb,pente
1370,,,,cutting_implement,utensílio_cortante
1371,,,,drill,berbequim
1372,,,,eolith,eólito
1373,,,,fork,garfo
1374,,,,gang,NO_TRANSLATION
1375,,,,garden_tool,ferramenta_de_jardinagem
1376,,,,lawn_tool,ferramenta_de_relvado
1377,,,,grapnel,arpéu
1378,,,,grapple,DUPLICATE_arpéu
1379,,,,grappler,fateixa
1380,,,,grappling_hook,gancho_fixante
1381,,,,grappling_iron,DUPLICATE_gancho_fixante
1382,,,,hack,picareta
1383,,,,hand_tool,ferramenta_portátil
1384,,,,hoe,sacho
1385,,,,jack,alavanca
1386,,,,jaws_of_life,DUPLICATE_NO_TRANSLATION
1387,,,,neolith,neólito
1388,,,,paleolith,DUPLICATE_NO_TRANSLATION
1389,,,,pestle,pilão
1390,,,,muller,DUPLICATE_pilão
1391,,,,pounder,mão_de_almofariz
1392,,,,plow,charrua
1393,,,,plough,arado
1394,,,,power_tool,ferramenta_elétrica
1395,,,,punch,punção
1396,,,,puncher,furador
1397,,,,ram,esporão
1398,,,,rounder,arredondador
1399,,,,saw_set,afinador_de_serras
1400,,,,shaping_tool,modelador
1401,,,,strickle,formão
1402,,,,stylus,estilete
1403,,,,style,DUPLICATE_estilete
1404,,,,tamp,compactador
1405,,,,tamper,DUPLICATE_compactador
1406,,,,tamping_bar,barra_de_compactação
1407,,,,tap,macho_rosca
1408,,,,upset,molde
1409,,,,swage,encalcadeira
1410,,,,,"martelo,gancho,anzol,enchada,chave_de_parafusos,colher,faca,serrote,soldador"
1411,L03_47,hyponyms - misc,toy,,brinquedo
1412,,,,doll,boneca
1413,,,,ball,bola
1414,,,,balloon,balão
1415,,,,cockhorse,cavalo_de_madeira
1416,,,,dolly,bonequinha
1417,,,,dollhouse,casa_de_bonecas
1418,,,,house,casa
1419,,,,frisbee,disco_voador
1420,,,,hobby,DUPLICATE_cavalo_de_madeira
1421,,,,hobbyhorse,cavalinho_de_pau
1422,,,,rocking,cavalinho_de_baloiço
1423,,,,horse,cavalo
1424,,,,hula-hoop,arco
1425,,,,jack-in-the-box,caixa_de_surpresas
1426,,,,jungle,barras
1427,,,,gym,ginásio
1428,,,,jumping,salto
1429,,,,jack,esfera
1430,,,,kaleidoscope,caleidoscópio
1431,,,,kite,papagaio
1432,,,,lego,lego
1433,,,,meccano,meccano
1434,,,,shooter,lançador
1435,,,,pinata,pinhata
1436,,,,pinwheel,catavento
1437,,,,playhouse,casinha
1438,,,,wendy,DUPLICATE_casinha
1439,,,,pogo,pogobol
1440,,,,stick,taco
1441,,,,popgun,pistola_de_borracha
1442,,,,rattle,chocalho
1443,,,,sandbox,caixa_de_areia
1444,,,,sandpile,DUPLICATE_caixa_de_areia
1445,,,,sandpit,DUPLICATE_caixa_de_areia
1446,,,,seesaw,balancé
1447,,,,teeter,baloiço
1448,,,,teeter-totter,arre-burrinho
1449,,,,teetertotter,sobe-e-desce
1450,,,,teeterboard,DUPLICATE_balancé
1451,,,,tilting,DUPLICATE_balancé
1452,,,,board,prancha
1453,,,,dandle,NO_TRANSLATION
1454,,,,slide,slide
1455,,,,playground,parque
1456,,,,sliding,DUPLICATE_slide
1457,,,,slingshot,fisga
1458,,,,sling,DUPLICATE_fisga
1459,,,,catapult,catapulta
1460,,,,swing,pêndulo
1461,,,,teddy,ursinho_de_peluche
1462,,,,bear,ursinho
1463,,,,top,pião
1464,,,,whirligig,roda_giratória
1465,,,,teetotum,rapa
1466,,,,spinning,DUPLICATE_roda_giratória
1467,,,,train,comboio
1468,,,,water_pistol,pistola_de_água
1469,,,,gun,pistola
1470,,,,squirt,bisnaga
1471,,,,squirter,DUPLICATE_pistola_de_água
1472,,,,yo-yo,ioió
1473,,,,,"peluche,jogo,boneco,figurinha,puzzle,ioiô,corda,soldadinho,carrinho,berlinde,kit,blocos"
1474,L03_48,hyponyms - misc,trousers,,calças
1475,,,,jeans,calças_de_ganga
1476,,,,bellbottom_trousers,calças_à_boca_de_sino
1477,,,,bell-bottoms,boca_de_sino
1478,,,,bellbottom_pants,DUPLICATE_calças_à_boca_de_sino
1479,,,,breeches,DUPLICATE_calções
1480,,,,knee_breeches,DUPLICATE_calções
1481,,,,knee_pants,DUPLICATE_bermudas
1482,,,,knickerbockers,knickerbocker
1483,,,,knickers,DUPLICATE_calças_curtas
1484,,,,chino,calças_de_sarja
1485,,,,churidars,calças_churidar
1486,,,,cords,DUPLICATE_calças_de_bombazina
1487,,,,corduroys,calças_de_bombazina
1488,,,,flannel,calças_de_flanela
1489,,,,gabardine,calças_de_gabardina
1490,,,,tweed,calças_de_tweed
1491,,,,white,calças_brancas
1492,,,,jean,calça_de_ganga
1493,,,,blue_jean,calças_de_ganga_azuis
1494,,,,denim,ganga
1495,,,,jodhpurs,calças_de_equitação
1496,,,,jodhpur_breeches,DUPLICATE_calças_de_equitação
1497,,,,riding_breeches,calças_de_montar
1498,,,,long_trousers,calças_longas
1499,,,,long_pants,DUPLICATE_calças_longas
1500,,,,pajama,DUPLICATE_calças_de_pijama
1501,,,,pyjama,calças_de_pijama
1502,,,,pantaloon,pantalonas
1503,,,,pedal_pusher,corsários
1504,,,,toreador_pants,calças_de_toureiro
1505,,,,salwar,salwar
1506,,,,shalwar,shalwar
1507,,,,short_pants,calças_curtas
1508,,,,shorts,calções
1509,,,,trunks,calções_de_banho
1510,,,,slacks,calças_compridas
1511,,,,stretch_pants,calças_de_elastano
1512,,,,sweat_pants,calças_de_fato_de_treino
1513,,,,sweatpants,DUPLICATE_calças_de_fato_de_treino
1514,,,,trews,NO_TRANSLATION
1515,,,,britches,DUPLICATE_calções
1516,,,,buckskins,calças_de_camurça
1517,,,,plus_fours,calças_de_golfe
1518,,,,trunk_hose,calções_largos
1519,,,,levi's,levi's
1520,,,,levis,levis
1521,,,,bermuda_shorts,bermudas
1522,,,,jamaica_shorts,DUPLICATE_bermudas
1523,,,,hot_pants,calções_curtos
1524,,,,lederhosen,calças_de_couro
1525,,,,,"jeans,jardineiras,calças_de_sarja,calças_de_algodão,calças_de_lycra,moletom,calças_de_pele,calças_de_cetim,calças_skinny,calças_de_jogging"
1526,L03_49,hyponyms - misc,weapon,,arma
1527,,,,gun,arma_de_fogo
1528,,,,bow,arco
1529,,,,arrow,flecha
1530,,,,dart,dardo
1531,,,,knucks,soqueira
1532,,,,knuckles,soco_inglês
1533,,,,flamethrower,lança_chamas
1534,,,,knife,faca
1535,,,,missile,míssil
1536,,,,pike,pique
1537,,,,projectile,projétil
1538,,,,slasher,cutelo
1539,,,,sling,funda
1540,,,,spear,lança
1541,,,,lance,DUPLICATE_lança
1542,,,,shaft,haste
1543,,,,stun,arma_paralisante
1544,,,,baton,bastão
1545,,,,sword,espada
1546,,,,blade,lâmina
1547,,,,brand,gládio
1548,,,,steel,punhal
1549,,,,tomahawk,machado_de_guerra
1550,,,,hatchet,machado
1551,,,,fire,fogo
1552,,,,,"chuço,cassetete,taser,navalha"
1553,L03_50,hyponyms - misc,weekday,,dia_da_semana
1554,,,,monday,segunda-feira
1555,,,,workday,dia_de_trabalho
1556,,,,working_day,DUPLICATE_dia_de_trabalho
1557,,,,work_day,DUPLICATE_dia_de_trabalho
1558,,,,feria,NO_TRANSLATION
1559,,,,mon,segunda
1560,,,,tuesday,terça-feira
1561,,,,tues,terça
1562,,,,wednesday,quarta-feira
1563,,,,midweek,meio_da_semana
1564,,,,wed,quarta
1565,,,,thursday,quinta-feira
1566,,,,th,quinta
1567,,,,friday,sexta-feira
1568,,,,fri,sexta
1569,,,,saturday,sábado
1570,,,,sabbatum,DUPLICATE_sábado
1571,,,,sat,DUPLICATE_sábado
