,ID,Relation,Source,Target,ES
0,L03_1,hyponyms - misc,backpack,,mochila
1,,,,daypack,bolsa
2,,,,kitbag,neceser
3,,,,kit_bag,bolsa_neceser
5,L03_2,hyponyms - misc,bag,,bolsa
6,,,,pouch,bolso_pequeño
7,,,,backpack,mochila
8,,,,knapsack,petate
9,,,,packsack,morral
10,,,,rucksack,DUPLICATE_mochila
11,,,,haversack,saco_de_fibra
12,,,,beanbag,puff
13,,,,bladder,bolsa_de_vejiga
14,,,,carryall,bolsa_multiusos
15,,,,holdall,bolsa_de_viaje
16,,,,tote,tote
17,,,,drawstring,bolsa_de_cordón
18,,,,dust,bolsa_del_polvo
19,,,,vacuum,bolsa_de_aspiradora
20,,,,envelope,sobre
21,,,,gasbag,NO_TRANSLATION
22,,,,gamebag,DUPLICATE_NO_TRANSLATION
23,,,,golf,bolsa_de_golf
24,,,,gunnysack,DUPLICATE_NO_TRANSLATION
25,,,,gunny,DUPLICATE_NO_TRANSLATION
26,,,,burlap,arpillera
27,,,,ice,bolsa_de_hielo
28,,,,mailbag,bolsa_de_correspondencia
29,,,,postbag,bolsa_del_correo
30,,,,nosebag,cebadera
31,,,,feedbag,DUPLICATE_morral
32,,,,pannier,alforja
33,,,,plastic,bolsa_de_plástico
34,,,,purse,bolso
35,,,,ragbag,bolsa_de_retazos
36,,,,rosin,colofonia
37,,,,sachet,saquete
38,,,,sack,saco
39,,,,poke,DUPLICATE_saco
40,,,,paper,bolsa_de_papel
41,,,,carrier,portador
42,,,,saddlebag,DUPLICATE_alforja
43,,,,sandbag,saco_de_arena
44,,,,schoolbag,mochila_del_colegio
45,,,,shopping,bolsa_de_compra
46,,,,sick_bag,botiquín
47,,,,sickbag,neceser_primeros_auxilios
48,,,,skin,bolsa_de_piel
49,,,,sleeping,saco_de_dormir
50,,,,sweat,DUPLICATE_NO_TRANSLATION
51,,,,tea,bolsita_de_té
52,,,,toilet,neceser_de_aseo
53,,,,sponge,DUPLICATE_NO_TRANSLATION
54,,,,tool,caja_de_herramientas
55,,,,tucker-bag,bolsa_porta_alimentos
56,,,,,"bolsa_de_la_compra,bolsa_de_herramientas,neceser,saco_de_boxeo"
57,L03_3,hyponyms - misc,bed,,cama
58,,,,bunk,litera
59,,,,berth,cama_litera
60,,,,built,cama_empotrada
61,,,,built-in,empotrada
62,,,,cot,catre
63,,,,camp,DUPLICATED_catre
64,,,,couch,sofá_cama
65,,,,deathbed,cama_de_matrimonio
66,,,,double,cama_doble
67,,,,four-poster,con_dosel
68,,,,hammock,hamaca
69,,,,sack,saco
70,,,,marriage_bed,cama_matrimonial
71,,,,murphy,cama_rebatible
72,,,,plank-bed,cama_de_tablones
73,,,,platform,cama_de_plataforma
74,,,,sickbed,camilla
75,,,,single_bed,cama_individual
76,,,,sleigh,cama_trineo
77,,,,trundle,cama_nido
78,,,,truckle,de_matrimonio
79,,,,twin,camas_gemelas
80,,,,water,cama_de_agua
81,,,,semi-double,cama_semidoble
82,,,,semidouble,semidoble
84,L03_4,hyponyms - misc,boat,,barco
85,,,,ferry,ferry
86,,,,ark,arca
87,,,,barge,barcaza
88,,,,flatboat,lancha
89,,,,hoy,NO_TRANSLATION
90,,,,lighter,DUPLICATED_barcaza
91,,,,bumboat,DUPLICATE_NO_TRANSLATION
92,,,,canal_boat,barco_de_canal
93,,,,narrow_boat,barco_estrecho
94,,,,narrowboat,DUPLICATE_barco_estrecho
95,,,,ferryboat,ferryboat
96,,,,fireboat,barco_de_bomberos
97,,,,gondola,góndola
98,,,,guard_boat,barco_de_guardia
99,,,,gunboat,cañonera
100,,,,junk,DUPLICATE_NO_TRANSLATION
101,,,,longboat,DUPLICATE_lancha
102,,,,lugger,carguero
103,,,,mackinaw,DUPLICATE_NO_TRANSLATION
104,,,,mailboat,barco_del_correo
105,,,,mail,correo
106,,,,packet,paquete
107,,,,motorboat,lancha_a_motor
108,,,,powerboat,lancha_motora
109,,,,pilot,piloto
110,,,,police,policía
111,,,,punt,batea
112,,,,river_boat,barco_de_río
113,,,,scow,gabarra
114,,,,sea_boat,barco_de_mar
115,,,,small_boat,barco_pequeño
116,,,,steamboat,barco_de_vapor
117,,,,surfboat,barco_de_surf
118,,,,tender_boat,barco_término
119,,,,pinnace,pinaza
120,,,,cutter_boat,cúter
121,,,,tugboat,barco_remolcador
122,,,,tug,remolcador
123,,,,towboat,remolque
124,,,,tower_boat,barco_torre
125,,,,yacht,yate
126,,,,sail,vela
127,,,,row,barco_de_remos
128,,,,canoe,canoa
129,,,,kayak,kayak
130,,,,paddle,remo
131,,,,paddle_boat,barco_de_remo
132,,,,,"guardacostas,patrullera,cutter"
133,L03_5,hyponyms - misc,book,,libro
134,,,,paperback,libro_de_bolsillo
135,,,,album,álbum
136,,,,folio,folio
137,,,,hardback,de_tapa_dura
138,,,,hardcover,tapa_dura
139,,,,journal,diario
140,,,,novel,novela
141,,,,order,libro_de_comandas
142,,,,paper-back,de_bolsillo
143,,,,softback,encuadernación_rústica
144,,,,soft-cover,de_tapa_blanda
145,,,,picture,álbum_de_fotos
146,,,,sketchbook,cuaderno_de_bocetos
147,,,,sketch,boceto
148,,,,notebook,cuaderno
150,L03_6,hyponyms - misc,brush,,cepillo
151,,,,toothbrush,cepillo_de_dientes
152,,,,bottlebrush,limpiabotellas
153,,,,bristle,cerdas
154,,,,clothesbrush,cepillo_de_ropa
155,,,,hairbrush,cepillo_de_pelo
156,,,,nailbrush,cepillo_de_uñas
157,,,,paintbrush,pincel
158,,,,sable,pincel_de_marta_cibelina
159,,,,scrub,cepillo_de_fregar
160,,,,scrubbing,fregar
161,,,,scrubber,estropajo
162,,,,shaving_brush,brocha_de_afeitado
163,,,,,"cepillo_para_botellas,fregona,escoba"
164,L03_7,hyponyms - misc,burger,,hamburguesa
165,,,,hamburger,DUPLICATE_hamburguesa
166,,,,cheeseburger,hamburguesa_de_queso
167,,,,50,50
168,,,,50_burger,hamburguesa_de_50
169,,,,angus_burger,hamburguesa_de_angus
170,,,,banquet_burger,hamburguesa_completa
171,,,,barbecue_burger,hamburguesa_barbacoa
172,,,,bøfsandwich,NO_TRANSLATION
173,,,,utter_burge,DUPLICATE_NO_TRANSLATION
174,,,,buffalo_burger,hamburguesa_de_búfalo
175,,,,california_burger,hamburguesa_californiana
176,,,,chili_burger,hamburguesa_picante
177,,,,curry_burger,hamburguesa_de_curry
178,,,,hamdog,perrito_caliente
179,,,,salmon_burger,hamburguesa_de_salmón
180,,,,rice_burger,hamburguesa_de_arroz
181,,,,veggie_burger,hamburguesa_vegetal
182,,,,,"hamburguesa_vegana,hamburguesa_vegetariana,hamburguesa_de_carne"
183,L03_8,hyponyms - misc,camera,,cámara
184,,,,camcorder,videocámara
185,,,,box_camera,analógica
186,,,,box_kodak,analógica_kodak
187,,,,candid_camera,cámara_oculta
188,,,,digital_camera,cámara_digital
189,,,,flash_camera,cámara_con_flash
190,,,,motion-picture_camera,cámara_de_imagen_en_movimiento
191,,,,movie_camera,cámara_de_cine
192,,,,cine-camera,cámara_cinematográfica
193,,,,point-and-shoot_camera,cámara_de_apuntar_y_disparar
194,,,,point-and-shoot,apuntar_y_disparar
195,,,,polaroid_camera,cámara_polaroid
196,,,,polaroid_land_camera,cámara_polaroid_de_campo
197,,,,polaroid,polaroid
198,,,,portrait_camera,cámara_retrato
199,,,,reflex_camera,cámara_reflex
200,,,,webcam,cámara_web
201,,,,webcamera,webcam
202,,,,sound_camera,cámara_con_sonido
203,,,,,"cámara_analógica,cámara_web"
204,L03_9,hyponyms - misc,candy,,chuches
205,,,,lollipop,piruleta
206,,,,candy_bar,barra_de_caramelo
207,,,,carob_bar,barra_de_algarroba
208,,,,hard_candy,caramelo_duro
209,,,,brandyball,caramelo_de_brandy
210,,,,patty,tortita
211,,,,bonbon,bombón
212,,,,brittle,guirlache
213,,,,toffee,tofe
214,,,,toffy,toffy
215,,,,butterscotch,caramelo_de_whisky
216,,,,candy_cane,caña_de_caramelo
217,,,,candy_corn,maíz_de_caramelo
218,,,,caramel,caramelo_líquido
219,,,,cotton_candy,algodón_de_azúcar
220,,,,spun_sugar,espuma_de_azúcar
221,,,,candyfloss,DUPLICATE_algodón_de_azúcar
222,,,,dragee,peladilla
223,,,,fondant,fondant
224,,,,fudge,caramelo_fundente
225,,,,gumdrop,gominola
226,,,,honey_crisp,caramelo_de_miel
227,,,,mint,menta
228,,,,mint_candy,caramelo_de_menta
229,,,,horehound,marrubio
230,,,,jelly_bean,caramelo_blando
231,,,,jelly_egg,huevo_de_gelatina
232,,,,kiss,beso
233,,,,candy_kiss,beso_de_caramelo
234,,,,licorice,regaliz
235,,,,liquorice,DUPLICATE_regaliz
236,,,,life_saver,salvavidas
237,,,,sucker,chupón
238,,,,all-day_sucker,huevo_de_mammut
239,,,,lozenge,pastilla
240,,,,marshmallow,malvavisco
241,,,,marzipan,mazapán
242,,,,marchpane,DUPLICATE_mazapán
243,,,,nougat,turrón
244,,,,nougat_bar,barra_de_turrón
245,,,,nut_bar,barra_de_nueces
246,,,,peanut_bar,barra_de_cacahuete
247,,,,popcorn_ball,bola_de_palomitas
248,,,,praline,praliné
249,,,,rock_candy,caramelo_de_roca
250,,,,rock,roca
251,,,,sugar_candy,caramelo_de_azúcar
252,,,,sugarplum,ciruela_deshidratada
253,,,,taffy,caramelo_masticable
254,,,,truffle,trufa
255,,,,chocolate_truffle,trufa_de_chocolate
256,,,,turkish_delight,delicia_turca
257,,,,easter_egg,huevo_de_pascua
258,,,,,crocante
259,L03_10,hyponyms - misc,car,,coche
260,,,,limousine,limusina
261,,,,convertible,descapotable
262,,,,ambulance,ambulancia
263,,,,beach,carro_de_playa
264,,,,wagon,vagón
265,,,,station,estación
266,,,,estate,coche_familiar
267,,,,waggon,DUPLICATE_vagón
268,,,,bus,autobús
269,,,,jalopy,cacharro
270,,,,heap,carraca
271,,,,cab,taxi
272,,,,hack,NO_TRANSLATION
273,,,,taxi,DUPLICATE_taxi
274,,,,taxicab,DUPLICATE_taxi
275,,,,compact,compacto
276,,,,coupe,coupé
277,,,,cruiser,crucero
278,,,,police,policía
279,,,,patrol,patrulla
280,,,,prowl,coche_patrulla
281,,,,squad,escuadrón
282,,,,electric,eléctrico
283,,,,hardtop,techo_duro
284,,,,hatchback,coche_con_portón_trasero
285,,,,hot-rod,coche_de_carreras
286,,,,jeep,jeep
287,,,,landrover,landrover
288,,,,limo,limu
289,,,,loaner,préstamo
290,,,,minicar,mini
291,,,,minivan,monovolumen
292,,,,model,modelo
293,,,,pace,coche_de_seguridad
294,,,,racer,DUPLICATE_coche_de_carreras
295,,,,race,bólido
296,,,,racing,DUPLICATE_coche_de_carreras
297,,,,roadster,coche_de_carretera
298,,,,runabout,rápido
299,,,,two-seater,biplaza
300,,,,sedan,sedán
301,,,,saloon,berlina
302,,,,sports,deportivo
303,,,,sport,coche_deportivo
304,,,,suv,suv
305,,,,stanley,stanley
306,,,,steamer,vagón_de_vapor
307,,,,stock,de_concesionario
308,,,,subcompact,subcompacto
309,,,,touring,turístico
310,,,,tourer,de_turismo
311,,,,used,usado
312,,,,secondhand,segunda_mano
313,,,,,"turismo,todoterreno,utilitario,tres_puertas,cuatro_puertas,cinco_puertas,bólido,todocamino"
314,L03_11,hyponyms - misc,church,,iglesia
315,,,,chapel,capilla
316,,,,abbey,abadía
317,,,,basilica,basílica
318,,,,cathedral,catedral
319,,,,duomo,DUPLICATE_catedral
320,,,,kirk,DUPLICATE_iglesia
321,,,,,"claustro,altar,templo,ermita"
322,L03_12,hyponyms - misc,citrus,,cítrico
323,,,,lemon,limón
324,,,,orange,naranja
325,,,,lime,lima
326,,,,mandarin,mandarina
327,,,,tangerine,clementina
328,,,,yuzu,yuzu
330,L03_13,hyponyms - misc,cloud,,nube
331,,,,thundercloud,nube_de_tormenta
332,,,,cirrocumulus,cirrocúmulos
333,,,,cirrostratus,cirroestrato
334,,,,cirrus,cirros
335,,,,contrail,DUPLICATE_estela
336,,,,condensation,condensación
337,,,,trail,estela
338,,,,cumulonimbus,cumulonimbo
339,,,,cumulus,cúmulo
340,,,,nacreous,nacarado
341,,,,nebule,nebulosa
342,,,,nimbus,nimbo
343,,,,rain,lluvia
344,,,,storm,tormenta
345,,,,stratus,estrato
346,,,,mushroom,hongo
347,,,,smoke,humo
349,L03_14,hyponyms - misc,collar,,collar
350,,,,choker,gargantilla
351,,,,ruff,collarín
352,,,,ruffle,DUPLICATE_collarín
353,,,,clerical,alzacuellos
354,,,,roman_collar,collar_romano
355,,,,dog_collar,collar_de_perro
356,,,,eton_collar,collar_etón
357,,,,rabato_collar,cuello_de_rabato
358,,,,rebato_collar,NO_TRANSLATION
359,,,,turtleneck,cuello_alto
360,,,,polo-neck,cuello_de_polo
361,,,,neckpiece,cuello
362,,,,,collar_de_cuentas
363,L03_15,hyponyms - misc,color,,color
364,,,,white,blanco
365,,,,black,negro
366,,,,blue,azul
367,,,,green,verde
368,,,,red,rojo
369,,,,yello,amarillo
370,,,,orange,naranja
371,,,,vermilion,bermellón
372,,,,amber,ámbar
373,,,,chartreuse,verde_amarillento
374,,,,teal,turquesa
375,,,,violet,violeta
376,,,,magenta,magenta
377,,,,rose,rosa
378,,,,azure,DUPLICATE_azul
379,,,,cyan,cian
380,,,,indigo,índigo
381,,,,purple,púrpura
382,,,,brown,marrón
384,,,,,azul_marino
385,L03_16,hyponyms - misc,computer,,ordenador
386,,,,laptop,portatil
387,,,,desktop,ordenador_de_sobremesa
388,,,,tablet,tablet
389,,,,smartphone,teléfono_inteligente
390,,,,supercomputer,supercomputador
391,,,,iphone,iphone
392,,,,ipad,ipad
394,L03_17,hyponyms - misc,container,,contenedor
395,,,,bag,bolsa
396,,,,handbag,bolso_de_mano
397,,,,pocketbook,cartera
398,,,,purse,bolso
399,,,,basket,cesta
400,,,,handbasket,cesta_de_mano
401,,,,bin,basura
402,,,,bowl,cuenco
403,,,,pipe,tubo
404,,,,box,caja
405,,,,bread-bin,panera
406,,,,breadbox,bolsa_del_pan
407,,,,bunker,búnker
408,,,,can,lata
409,,,,tin,lata_de_hojalata
410,,,,canister,DUPLICATE_lata
411,,,,cannister,bote
412,,,,capsule,cápsula
413,,,,cargo,carga
414,,,,case,funda
415,,,,display,escaparate
416,,,,showcase,escaparate_de_muestra
417,,,,vitrine,vitrina
418,,,,cassette,casete
419,,,,cup,taza
420,,,,cylinder,cilindro
421,,,,dice,dados
422,,,,dish,plato
423,,,,dispenser,dispensador
424,,,,drawer,cajón
425,,,,dumpster,contenedor_de_basura
426,,,,empty,vacío
427,,,,envelope,sobre
428,,,,glass,vidrio
429,,,,bottle,botella
430,,,,mailer,cartero
431,,,,manger,pesebre
432,,,,trough,comedero
433,,,,measure,medida
434,,,,mold,molde
435,,,,mould,DUPLICATE_molde
436,,,,cast,fundición
437,,,,package,paquete
438,,,,parcel,parcela
439,,,,pan,sartén
440,,,,pod,vaina
441,,,,pot,maceta
442,,,,flowerpot,maceta_de_flores
443,,,,flask,frasco
444,,,,receptacle,receptáculo
445,,,,reliquary,relicario
446,,,,saltcellar,salero
447,,,,savings,caja_de_ahorros
448,,,,bank,banco
449,,,,coin,moneda
450,,,,money,dinero
451,,,,scuttle,cubo_del_carbón
452,,,,coal,carbón
453,,,,shaker,coctelera
454,,,,spoon,cuchara
455,,,,thimble,dedal
456,,,,vessel,recipiente
457,,,,waste-paper,basura_de_papel
458,,,,wastebasket,papelera_de_residuos
459,,,,waste,residuos
460,,,,file,archivo
461,,,,workbasket,cesto
462,,,,workbox,caja_de_herramientas
463,,,,workbag,bolsa_de_trabajo
464,,,,,pimentero
465,L03_18,hyponyms - misc,cookware,,menaje
466,,,,pot,olla
467,,,,baster,cazuela
468,,,,chafing,chafing
469,,,,dish,plato
470,,,,cooker,cocina
471,,,,sheet,hoja
472,,,,tray,bandeja
473,,,,enamelware,esmaltado
474,,,,grid,rejilla
475,,,,gridiron,reja
476,,,,griddle,plancha
477,,,,pan,sartén
478,,,,poacher,escalfador
479,,,,skimmer,espumadera
480,,,,steamer,vaporizador
481,,,,turner,volteador
483,L03_19,hyponyms - misc,cup,,taza
484,,,,teacup,taza_de_té
485,,,,beaker,vaso_de_precipitación
486,,,,chalice,cáliz
487,,,,goblet,copa
488,,,,coffee_cup,taza_de_café
489,,,,dixie,tacita
490,,,,paper_cup,taza_de_papel
491,,,,grace,taza_grace
492,,,,kylix,kílix
493,,,,cylix,quílice
494,,,,mustache_cup,taza_de_bigote
495,,,,moustache_cup,DUPLICATE_taza_de_bigote
496,,,,scyphus,scyphus
497,,,,grail,grial
498,,,,,"vaso,vaso_de_precipitados,matraz"
499,L03_20,hyponyms - misc,cushion,,cojín
500,,,,pincushion,alfiletero
501,,,,pillow,almohada
502,,,,air,cojín_de_aire
503,,,,inflatable,cojín_inflable
504,,,,gaddi,NO_TRANSLATION
505,,,,hassock,escabel
506,,,,headrest,reposacabezas
507,,,,seat,asiento
508,,,,,"almohada_ergonómica,cojín_anatómico,cojín_de_suelo"
509,L03_21,hyponyms - misc,cutlery,,cubertería
510,,,,knife,cuchillo
511,,,,fork,tenedor
512,,,,spoon,cuchara
513,,,,tablefork,tenedor_de_mesa
514,,,,teaspoon,cucharilla_de_té
515,,,,dessert_spoon,cucharilla_de_postre
516,,,,salad_fork,tenedor_de_ensalada
517,,,,carving_fork,tenedor_de_trinchar
518,,,,,"cucharilla,tenedor_de_postre"
519,L03_22,hyponyms - misc,dessert,,postre
520,,,,cake,tarta
521,,,,ambrosia,ambrosía
522,,,,baked_alaska,tortilla_alaska
523,,,,blancmange,NO_TRANSLATION
524,,,,charlotte,carlota
525,,,,compote,compota
526,,,,fruit_compote,compota_de_fruta
527,,,,dumpling,dumpling
528,,,,flan,flan
529,,,,frozen_dessert,postre_congelado
530,,,,junket,cuajada
531,,,,mold,molde
532,,,,mould,DUPLICATE_molde
533,,,,mousse,mousse
534,,,,pavlova,pavlova
535,,,,peach_melba,melba_de_melocotón
536,,,,pudding,pudín
537,,,,pud,pudin
538,,,,syllabub,DUPLICATE_NO_TRANSLATION
539,,,,sillabub,DUPLICATE_NO_TRANSLATION
540,,,,tiramisu,tiramisú
541,,,,whip,nata
542,,,,zabaglione,zabaglione
543,,,,sabayon,sabayón
544,,,,charlotte_russe,carlota_rusa
545,,,,apple_dumpling,dumpling_de_manzana
546,,,,frozen_custard,crema_congelada
547,,,,soft_ice_cream,helado_blando
548,,,,frozen_pudding,budín_congelado
549,,,,frozen_yogurt,yogur_congelado
550,,,,ice-cream_cake,tarta_helada
551,,,,icebox_cake,tarta_congelada
552,,,,ice-cream_cone,helado_cono
553,,,,ice-cream_sundae,helado_de_cono
554,,,,sundae,helado
555,,,,ice,hielo
556,,,,frappe,frappe
557,,,,ice_cream,DUPLICATE_helado
558,,,,icecream,DUPLICATE_helado
559,,,,ice_lolly,polo_de_hielo
560,,,,lolly,piruleta
561,,,,lollipop,chupachups
562,,,,popsicle,paleta
563,,,,ice_milk,leche_helada
564,,,,parfait,parfait
565,,,,sherbert,sorbete
566,,,,sherbet,DUPLICATE_sorbete
567,,,,snowball,bola_de_nieve
568,,,,split,DUPLICATE_NO_TRANSLATION
569,,,,chocolate_mousse,mousse_de_chocolate
570,,,,trifle,trufa
571,,,,brown_betty,DUPLICATE_NO_TRANSLATION
572,,,,chocolate_pudding,budín_de_chocolate
573,,,,duff,DUPLICATE_pudin
574,,,,plum_duff,pudin_de_ciruela
575,,,,flummery,flambeado
576,,,,nesselrode,DUPLICATE_NO_TRANSLATION
577,,,,nesselrode_pudding,DUPLICATE_NO_TRANSLATION
578,,,,pease_pudding,budín_de_guisantes
579,,,,plum_pudding,budín_de_ciruela
580,,,,christmas_pudding,budín_de_navidad
581,,,,roly-poly,brazo_de_gitano
582,,,,roly-poly_pudding,budín_roly_poly
583,,,,steamed_pudding,budín_de_vapor
584,,,,suet_pudding,budín_de_sebo
585,,,,tapioca_pudding,budín_de_tapioca
586,,,,vanilla_pudding,budín_de_vainilla
587,,,,prune_whip,batido_de_ciruela
588,,,,water_ice,helado_de_hielo
589,,,,sorbet,DUPLICATE_sorbete
590,,,,chocolate_ice_cream,helado_de_chocolate
591,,,,neapolitan_ice_cream,crema_de_hielo_napolitana
592,,,,peach_ice_cream,helado_de_melocotón
593,,,,strawberry_ice_cream,helado_de_fresa
594,,,,tutti-frutti,tutti_frutti
595,,,,vanilla_ice_cream,helado_de_vainilla
596,,,,banana_split,helado_de_plátano
597,,,,tipsy_cake,bizcocho_borracho
598,,,,spotted_dick,DUPLICATE_NO_TRANSLATION
599,,,,choc-ice,helado_de_choco
600,,,,,"pastel,pudding,budin,pionono"
601,L03_23,hyponyms - misc,dress,,vestido
602,,,,gown,traje
603,,,,caftan,caftán
604,,,,kaftan,DUPLICATE_caftán
605,,,,chemise,camisa
606,,,,sack,vestido_saco
607,,,,shift,vestido_corto
608,,,,coatdress,abrigo_vestido
609,,,,cocktail_dress,vestido_de_cocktail
610,,,,sheath,vestido_de_tubo
611,,,,dirndl,dirndl
612,,,,jumper,vestido_de_punto
613,,,,pinafore,vestido_peto
614,,,,pinny,peto
615,,,,kirtle,sayo
616,,,,morning,traje_de_día
617,,,,evening,vestido_de_noche
618,,,,muumuu,polonesa
619,,,,polonaise,sari
620,,,,sari,DUPLICATE_sari
621,,,,saree,ablusado
622,,,,shirtdress,palabra_de_honor
623,,,,strapless,vestido_sin_tirantes
624,,,,sundress,vestido_sin_mangas
625,,,,,vestido_de_noche
626,L03_24,hyponyms - misc,drum,,instrumento_de_percusión
627,,,,tambourine,pandereta
628,,,,bass_drum,bombo
629,,,,gran_casa,NO_TRANSLATION
630,,,,bongo,bongo
631,,,,bongo_drum,tambor_bongo
632,,,,snare_drum,caja
633,,,,snare,trampa
634,,,,side_drum,DUPLICATE_caja
635,,,,tabor,tambor
636,,,,tabour,DUPLICATE_tambor
637,,,,tambour,DUPLICATE_tambor
638,,,,tenor_drum,tambor_tenor
639,,,,tom-tom,tom-tom
640,,,,timbrel,timbrel
641,,,,djembe,djembe
642,,,,doumbek,doumbek
643,,,,darbuka,darbuka
644,,,,,"bongos,congas"
645,L03_25,hyponyms - misc,emotion,,emoción
646,,,,anger,ira
647,,,,choler,cólera
648,,,,ire,DUPLICATE_ira
649,,,,anxiety,ansiedad
650,,,,conditioned_emotional_response,respuesta_emocional_condicionada
651,,,,cer,NO_TRANSLATION
652,,,,conditioned_emotion,emoción_condicionada
653,,,,emotional_state,estado_emocional
654,,,,spirit,espíritu
655,,,,fear,miedo
656,,,,fearfulness,temor
657,,,,fright,susto
658,,,,reverence,reverencia
659,,,,awe,pasmo
660,,,,veneration,veneración
661,,,,hate,odio
662,,,,hatred,odioso
663,,,,joy,alegría
664,,,,joyousness,júbilo
665,,,,joyfulness,gozo
666,,,,love,amor
667,,,,annoyance,molestia
668,,,,chafe,chafe
669,,,,vexation,vejación
670,,,,bad_temper,mal_humor
671,,,,ill_temper,mal_temperamento
672,,,,dander,mosqueo
673,,,,hackles,pelos_de_punta
674,,,,fury,furia
675,,,,rage,rabia
676,,,,madness,locura
677,,,,huffiness,malhumor
678,,,,indignation,indignación
679,,,,outrage,ultraje
680,,,,infuriation,enfurecimiento
681,,,,enragement,enrabiado
682,,,,umbrage,disgusto
683,,,,offense,ofensa
684,,,,offence,DUPLICATE_ofensa
685,,,,angst,angustia
686,,,,anxiousness,DUPLICATE_ansiedad
687,,,,disquiet,inquietud
688,,,,concern,preocupación
689,,,,care,cuidado
690,,,,discomfiture,incomodidad
691,,,,discomposure,perder_compostura
692,,,,disconcertion,desconcierto
693,,,,disconcertment,DUPLICATE_desconcierto
694,,,,edginess,con_personalidad
695,,,,uneasiness,malestar
696,,,,inquietude,DUPLICATE_inquietud
697,,,,disquietude,DUPLICATE_inquietud
698,,,,insecurity,inseguridad
699,,,,jitteriness,nerviosismo
700,,,,jumpiness,agitación
701,,,,nervousness,enervación
702,,,,restiveness,intranquilidad
703,,,,scruple,escrúpulo
704,,,,qualm,escalofrío
705,,,,misgiving,recelo
706,,,,sinking,hudimiento
707,,,,sinking_feeling,sentimiento_de_hundimiento
708,,,,worry,DUPLICATE_preocupación
709,,,,trouble,problema
710,,,,ecstasy,éxtasis
711,,,,rapture,arrebato
712,,,,transport,transporte
713,,,,exaltation,exaltación
714,,,,raptus,rapto
715,,,,embarrassment,vergüenza
716,,,,gratification,gratificación
717,,,,satisfaction,satisfacción
718,,,,happiness,felicidad
719,,,,felicity,dicha
720,,,,state,bienestar
721,,,,unhappiness,infelicidad
722,,,,alarm,alarma
723,,,,dismay,desmayo
724,,,,consternation,consternación
725,,,,apprehension,aprehensión
726,,,,apprehensiveness,aprensión
727,,,,dread,pavor
728,,,,creeps,escalofríos
729,,,,frisson,pelos_como_escarpias
730,,,,shiver,temblar
731,,,,chill,frío
732,,,,quiver,temblor
733,,,,shudder,estremecer
734,,,,thrill,anticipación
735,,,,tingle,cosquilleo
736,,,,horror,horror
737,,,,hysteria,histeria
738,,,,intimidation,intimidación
739,,,,panic,pánico
740,,,,terror,terror
741,,,,affright,asustado
742,,,,scare,DUPLICATE_susto
743,,,,panic_attack,ataque_de_pánico
744,,,,stage_fright,miedo_escénico
745,,,,timidity,timidez
746,,,,timidness,DUPLICATE_timidez
747,,,,timorousness,DUPLICATE_timidez
748,,,,abhorrence,aborrecimiento
749,,,,abomination,abominación
750,,,,detestation,detestar
751,,,,execration,execración
752,,,,loathing,DUPLICATE_aborrecimiento
753,,,,odium,DUPLICATE_odio
754,,,,despisal,desprecio
755,,,,despising,DUPLICATE_desprecio
756,,,,hostility,hostilidad
757,,,,enmity,enemistad
758,,,,ill_will,mala_voluntad
759,,,,malevolence,malevolencia
760,,,,malignity,maldad
761,,,,misanthropy,misantropía
762,,,,misogamy,misogamia
763,,,,misogyny,misoginia
764,,,,misogynism,DUPLICATE_misoginia
765,,,,misology,misología
766,,,,misoneism,misoneísmo
767,,,,misopedia,misopedia
768,,,,murderousness,homicida
769,,,,elation,euforia
770,,,,high_spirits,espíritu_alto
771,,,,lightness,ligereza
772,,,,exhilaration,exhilarante
773,,,,excitement,excitación
774,,,,exuberance,exuberancia
775,,,,exultation,exultación
776,,,,jubilance,DUPLICATE_júbilo
777,,,,jubilancy,DUPLICATE_júbilo
778,,,,jubilation,DUPLICATE_júbilo
779,,,,agape,boquiabierto
780,,,,agape_love,amor_pasmado
781,,,,amorousness,amorosidad
782,,,,enamoredness,DUPLICATE_amorosidad
783,,,,ardor,ardor
784,,,,ardour,DUPLICATE_ardor
785,,,,benevolence,benevolencia
786,,,,devotion,devoción
787,,,,devotedness,DUPLICATE_devoción
788,,,,filial_love,amor_filial
789,,,,heartstrings,fibra_sensible
790,,,,lovingness,cariño
791,,,,caring,DUPLICATE_cuidado
792,,,,loyalty,lealtad
793,,,,puppy_love,amor_de_cachorro
794,,,,calf_love,amor_de_ternero
795,,,,crush,enamoramiento
796,,,,infatuation,encaprichamiento
797,,,,worship,DUPLICATE_veneración
798,,,,adoration,adoración
799,,,,aggravation,agravación
800,,,,exasperation,exasperación
801,,,,displeasure,descontento
802,,,,frustration,frustración
803,,,,harassment,acoso
804,,,,torment,tormento
805,,,,pique,pique
806,,,,temper,tempero
807,,,,irritation,irritación
808,,,,fit,ajuste
809,,,,tantrum,pataleta
810,,,,scene,escena
811,,,,conniption,berrinche
812,,,,irascibility,irascibilidad
813,,,,short_temper,corto_temperamento
814,,,,spleen,vacío_vital
815,,,,quick_temper,temperamento_rápido
816,,,,lividity,lividez
817,,,,wrath,DUPLICATE_ira
818,,,,dudgeon,DUPLICATE_cólera
819,,,,high_dudgeon,gran_enfado
820,,,,willies,cosquillas
821,,,,comfort,comodidad
822,,,,quality_of_life,calidad_de_vida
823,,,,blessedness,bendición
824,,,,beatitude,beatitud
825,,,,beatification,beatificación
826,,,,radiance,resplandor
827,,,,embitterment,amargura
828,,,,sadness,tristeza
829,,,,sorrow,pena
830,,,,sorrowfulness,entristecimiento
831,,,,pall,humor_sombrío
832,,,,foreboding,presagio
833,,,,premonition,premonición
834,,,,presentiment,presentimiento
835,,,,boding,DUPLICATE_presagio
836,,,,gloom,melancolía
837,,,,gloominess,DUPLICATE_melancolía
838,,,,somberness,sombrío
839,,,,sombreness,ensombrecimiento
840,,,,suspense,suspense
841,,,,trepidation,trepidante
842,,,,swivet,DUPLICATE_NO_TRANSLATION
843,,,,cold_feet,pies_fríos
844,,,,diffidence,desconfianza
845,,,,self-doubt,dudas_internas
846,,,,self-distrust,desconfianza_en_uno_mismo
847,,,,shyness,DUPLICATE_timidez
848,,,,aggression,agresión
849,,,,aggressiveness,agresividad
850,,,,animosity,animosidad
851,,,,animus,ánimo
852,,,,bad_blood,mala_sangre
853,,,,antagonism,antagonismo
854,,,,belligerence,beligerancia
855,,,,belligerency,DUPLICATE_beligerancia
856,,,,class_feeling,sentimiento_de_clase
857,,,,resentment,resentimiento
858,,,,bitterness,amargor
859,,,,gall,hiel
860,,,,rancor,rencor
861,,,,rancour,DUPLICATE_rencor
862,,,,maleficence,maleficencia
863,,,,malice,malicia
864,,,,maliciousness,DUPLICATE_malicia
865,,,,spite,DUPLICATE_rencor
866,,,,spitefulness,DUPLICATE_rencor
867,,,,venom,veneno
868,,,,vindictiveness,venganza
869,,,,vengefulness,DUPLICATE_venganza
870,,,,misocainea,DUPLICATE_NO_TRANSLATION
871,,,,euphoria,DUPLICATE_euforia
872,,,,euphory,DUPLICATE_euforia
873,,,,bang,DUPLICATE_NO_TRANSLATION
874,,,,boot,DUPLICATE_NO_TRANSLATION
875,,,,charge,carga
876,,,,rush,prisa
877,,,,flush,ruborizar
878,,,,kick,patada
879,,,,intoxication,intoxicación
880,,,,titillation,titilar
881,,,,triumph,triunfo
882,,,,beneficence,beneficio
883,,,,warmheartedness,de_corazón_cálido
884,,,,warmth,cálido
885,,,,nirvana,nirvana
886,,,,enlightenment,iluminación
887,,,,mourning,luto
888,,,,bereavement,duelo
889,,,,poignance,patetismo
890,,,,poignancy,aflicción
891,,,,presage,DUPLICATE_presagio
892,,,,shadow,sombra
893,,,,hesitance,vacilación
894,,,,hesitancy,vacilamiento
895,,,,unassertiveness,falta_de_asertividad
896,,,,warpath,camino_de_la_guerra
897,,,,envy,envidia
898,,,,enviousness,DUPLICATE_envidia
899,,,,grudge,DUPLICATE_rencor
900,,,,score,puntuación
901,,,,grievance,agravio
902,,,,heartburning,inquietud_de_corazón
903,,,,sulkiness,DUPLICATE_malhumor
904,,,,huffishness,DUPLICATE_malhumor
905,,,,covetousness,codicia
906,,,,jealousy,celos
907,,,,green-eyed_monster,sombra_de_la_envidia
908,,,,penis_envy,envidia_de_pene
909,,,,,"sonrojo,rubor,dolor,angustia,sobrecogimiento,conmoción,sentido_de_pertenencia"
910,L03_26,hyponyms - misc,flask,,frasco
911,,,,thermos,termo
912,,,,ampulla,ampolla
913,,,,canteen,cantimplora
914,,,,erlenmeyer_flask,termo_erlenmeyer
915,,,,hipflask,petaca
916,,,,pocket_flask,frasco_de_bolsillo
917,,,,round-bottom_flask,frasco_redondo
918,,,,vacuum_flask,termo_de_vacío
919,,,,vacuum_bottle,botella_de_vacío
920,,,,dewar_flask,botella_dewar
921,,,,dewar,dewar
922,,,,thermos_bottle,botella_termo
923,,,,thermos_flask,recipiente_termo
925,L03_27,hyponyms - misc,guitar,,guitarra
926,,,,ukulele,ukelele
927,,,,bass,bajo
928,,,,bass_guitar,guitarra_bajo
929,,,,acoustic_guitar,guitarra_acústica
930,,,,cittern,cítara
931,,,,cithern,DUPLICATE_cítara
932,,,,cither,DUPLICATE_cítara
933,,,,citole,DUPLICATE_cítara
934,,,,gittern,guitarra_clásica
935,,,,electric_guitar,guitarra_eléctrica
936,,,,hawaiian,hawaiana
937,,,,steel,DUPLICATE_guitarra_acústica
938,,,,uke,uke
939,,,,,"laúd,guitarra_española"
940,L03_28,hyponyms - misc,gun,,arma
941,,,,rifle,rifle
942,,,,air,pistola_de_aire
943,,,,airgun,DUPLICATE_pistola_de_aire
944,,,,antiaircraft,arma_antiaérea
945,,,,flak,fuego_antiaereo
946,,,,flack,cañón_antiaéreo
947,,,,pom-pom,NO_TRANSLATION
948,,,,ack-ack,misil_antiaéreo
949,,,,breechloader,arma_de_retrocarga
950,,,,cannon,cañón
951,,,,firearm,arma_de_fuego
952,,,,piece,pipa
953,,,,small-arm,arma_pequeña
954,,,,gas,gas
955,,,,minute,minuto
956,,,,quaker,quaker
957,,,,set,conjunto
958,,,,spring,resorte
959,,,,whaling,ballenero
960,,,,,escopeta
961,L03_29,hyponyms - misc,jewel,,joya
962,,,,diamond,diamante
963,,,,ruby,rubí
964,,,,pearl,perla
965,,,,emerald,esmeralda
966,,,,sapphire,zafíro
968,L03_30,hyponyms - misc,jewelry,,joyería
969,,,,bracelet,brazalete
970,,,,bead,cuenta
971,,,,bijou,bisutería
972,,,,bling,joyería_ostentosa
973,,,,bling_bling,NO_TRANSLATION
974,,,,bangle,pulsera
975,,,,clip,clip
976,,,,cufflink,gemelos
977,,,,earring,pendiente
978,,,,jewel,joya
979,,,,gem,gema
980,,,,precious_stone,piedra_preciosa
981,,,,necklace,collar
982,,,,pin,alfiler
983,,,,ring,anillo
984,,,,band,banda
985,,,,tie_clip,alfiler_de_corbata
986,,,,bugle,DUPLICATE_cuenta
987,,,,anklet,tobillera
988,,,,ankle_bracelet,pulsera_de_tobillo
989,,,,armilla,armilla
990,,,,pendant_earring,pendiente_colgante
991,,,,drop_earring,pendiente_lágrima
992,,,,eardrop,lágrima
993,,,,crown_jewel,joya_de_la_corona
994,,,,diamond,diamante
995,,,,emerald,esmeralda
996,,,,pearl,perla
997,,,,ruby,rubí
998,,,,sapphire,zafiro
999,,,,solitaire,solitario
1000,,,,chain,cadena
1001,,,,string,DUPLICATE_cadena
1002,,,,strand,DUPLICATE_cadena
1003,,,,choker,gargantilla
1004,,,,collar,DUPLICATE_collar
1005,,,,dog_collar,collar_de_perro
1006,,,,neckband,DUPLICATE_gargantilla
1007,,,,brooch,broche
1008,,,,broach,DUPLICATE_broche
1009,,,,breastpin,alfiler_de_pecho
1010,,,,scatter_pin,imperdible
1011,,,,stickpin,DUPLICATE_alfiler
1012,,,,tie_tack,DUPLICATE_alfiler_de_corbata
1013,,,,tiepin,DUPLICATE_alfiler_de_corbata
1014,,,,scarfpin,pasador_de_pañuelo
1015,,,,annulet,anillo_pequeño
1016,,,,engagement_ring,anillo_de_compromiso
1017,,,,mourning_ring,anillo_de_luto
1018,,,,ringlet,DUPLICATE_anillo_pequeño
1019,,,,signet_ring,anillo_de_sello
1020,,,,seal_ring,DUPLICATE_anillo_de_sello
1021,,,,wedding_ring,alianza
1022,,,,wedding_band,anillo_de_boda
1023,,,,ice,brillante
1024,,,,sparkler,DUPLICATE_brillante
1025,,,,seed_pearl,aljófar
1026,,,,sunburst,DUPLICATE_NO_TRANSLATION
1027,,,,,"colgante,pasador,abalorio,aguja,sortija,alianza_de_boda,arras,corona,tiara,leontina,anillete,arete"
1028,L03_31,hyponyms - misc,mixer,,mezclador
1029,,,,blender,batidor
1030,,,,liquidizer,licuadora
1031,,,,liquidiser,DUPLICATE_licuadora
1032,,,,eggbeater,batidor_de_huevos
1033,,,,eggwhisk,barillas_de_batir_huevos
1034,,,,electric,eléctrico
1035,,,,whisk,barillas
1036,,,,,batidora
1037,L03_32,hyponyms - misc,month,,mes
1038,,,,january,enero
1039,,,,february,febrero
1040,,,,march,marzo
1041,,,,april,abril
1042,,,,may,mayo
1043,,,,june,junio
1044,,,,july,julio
1045,,,,august,agosto
1046,,,,september,septiembre
1047,,,,october,octubre
1048,,,,november,noviembre
1049,,,,december,diciembre
1050,,,,jan,ene
1051,,,,feb,feb
1052,,,,mar,mar
1053,,,,apr,abr
1054,,,,jun,jun
1055,,,,jul,jul
1056,,,,aug,ago
1057,,,,sep,sep
1058,,,,oct,oct
1059,,,,nov,nov
1060,,,,dec,dic
1062,L03_33,hyponyms - misc,oven,,horno
1063,,,,broiler,parrilla
1064,,,,dutch_oven,horno_holandés
1065,,,,gas_oven,horno_de_gas
1066,,,,rotisserie,asador
1067,,,,tandoor,tandoori
1069,L03_34,hyponyms - misc,painting,,pintura
1070,,,,watercolor,acuarela
1071,,,,abstraction,abstracción
1072,,,,cityscape,paisaje_urbano
1073,,,,daub,embadurnar
1074,,,,distemper,pintura_a_la_cola
1075,,,,finger-painting,pintura_de_dedos
1076,,,,icon,icono
1077,,,,ikon,DUPLICATE_icono
1078,,,,landscape,paisaje
1079,,,,miniature,miniatura
1080,,,,illumination,iluminación
1081,,,,monochrome,monocromo
1082,,,,mural,mural
1083,,,,wall,pared
1084,,,,nude,desnudo
1085,,,,nude_painting,pintura_de_desnudo
1086,,,,oil,óleo
1087,,,,pentimento,NO_TRANSLATION
1088,,,,sand,arena
1089,,,,seascape,paisaje_marino
1090,,,,waterscape,paisaje_acuático
1091,,,,semi-abstraction,semi_abstracción
1092,,,,still_life,bodegón
1093,,,,tanka,DUPLICATE_NO_TRANSLATION
1094,,,,water-color,DUPLICATE_acuarela
1095,,,,watercolour,DUPLICATE_acuarela
1096,,,,water-colour,DUPLICATE_acuarela
1097,,,,fresco,fresco
1098,,,,graffitti,graffiti
1099,,,,,"pintura_al_lápiz,grabado"
1100,L03_35,hyponyms - misc,poem,,poema
1101,,,,haiku,haiku
1102,,,,abecedarius,abecedario
1103,,,,alcaic,alcaico
1104,,,,alcaic_verse,verso_alcaico
1105,,,,ballad,balada
1106,,,,lay,trova
1107,,,,ballade,DUPLICATE_balada
1108,,,,blank_verse,verso_blanco
1109,,,,elegy,elegía
1110,,,,lament,lamento
1111,,,,epic_poem,poema_épico
1112,,,,heroic_poem,poema_heróico
1113,,,,epic,épico
1114,,,,epos,epos
1115,,,,free_verse,verso_suelto
1116,,,,vers_libre,verso_libre
1117,,,,lyric,lírico
1118,,,,lyric_poem,poema_lírico
1119,,,,rondeau,rondó
1120,,,,rondel,DUPLICATE_rondó
1121,,,,sonnet,soneto
1122,,,,tanka,tanka
1123,,,,terza_rima,terza_rima
1124,,,,verse,verso
1125,,,,rhyme,rima
1126,,,,versicle,versículo
1127,,,,,"canto,romance"
1128,L03_36,hyponyms - misc,railway,,ferrocarril
1129,,,,monorail,monorrail
1130,,,,cable,ferrocarril_de_cable
1131,,,,funicular,funicular
1132,,,,cog,tren_de_cremallera
1133,,,,rack,DUPLICATE_tren_de_cremallera
1134,,,,elevated,elevado
1135,,,,el,NO_TRANSLATION
1136,,,,overhead,aéreo
1137,,,,metro,metro
1138,,,,tube,DUPLICATE_metro
1139,,,,underground,DUPLICATE_metro
1140,,,,subway,metro_subterráneo
1141,,,,rail,tren
1142,,,,,"tranvía,tren_bala,tren_de_alta_velocidad"
1143,L03_37,hyponyms - misc,season,,temporada_
1144,,,,spring,temporada_de_primavera
1145,,,,harvest,temporada_de_cosecha
1146,,,,haying,cosecha_de_cereales
1147,,,,fall,temporada_de_otoño
1148,,,,autumn,DUPLICATE_temporada_de_otoño
1149,,,,springtime,época_primaveral
1150,,,,summer,temporada_de_verano
1151,,,,summertime,estío
1152,,,,winter,temporada_de_invierno
1153,,,,wintertime,época_invernal
1154,,,,rainy,temporada_de_lluvias
1155,,,,dry,temporada_seca
1156,,,,growing,temporada_de_crecimiento
1157,,,,seedtime,siembra
1158,,,,sheepshearing,temporada_de_esquilar_ovejas
1159,,,,holiday,vacaciones
1160,,,,high,temporada_alta
1161,,,,peak,DUPLICATE_temporada_alta
1162,,,,off-season,fuera_de_temporada
1163,,,,preseason,pretemporada
1164,,,,baseball,temporada_de_baseball
1165,,,,basketball,temporada_de_baloncesto
1166,,,,exhibition,temporada_de_exhibiciones
1167,,,,concert,temporada_de_conciertos
1168,,,,fishing,temporada_de_pesca
1169,,,,football,temporada_de_futbol
1170,,,,hockey,temporada_de_hockey
1171,,,,hunting,temporada_de_caza
1172,,,,social,social
1173,,,,theatrical,temporada_de_teatro
1174,,,,whitsun,pentecostés
1175,,,,whitsuntide,de_pentecostés
1176,,,,whitweek,semana_blanca
1178,L03_38,hyponyms - misc,seat,,asiento
1179,,,,chair,silla
1180,,,,bench,banco
1181,,,,box,caja
1182,,,,ottoman,otomano
1183,,,,pouf,puff
1184,,,,pouffe,DUPLICATE_puff
1185,,,,puff,DUPLICATE_puff
1186,,,,hassock,escabel
1187,,,,sofa,sofá
1188,,,,couch,DUPLICATE_sofá
1189,,,,lounge,sofá_rinconera
1190,,,,stool,taburete
1191,,,,toilet,asiento_de_baño
1192,,,,,"canapé,silla_de_tijera,silla_plegable"
1193,L03_39,hyponyms - misc,shelf,,estantería
1194,,,,bookshelf,estantería_de_libros
1195,,,,hob,repisa_de_cocina
1196,,,,mantel,repisa_de_chimenea
1197,,,,mantelpiece,repisa_de_la_chimenea
1198,,,,mantle,DUPLICATE_repisa_de_chimenea
1199,,,,mantlepiece,DUPLICATE_repisa_de_chimenea
1200,,,,chimneypiece,DUPLICATE_repisa_de_chimenea
1201,,,,overmantel,DUPLICATE_repisa_de_chimenea
1202,,,,berm,berma
1203,,,,,"repisa,rack,estantería_flotante"
1204,L03_40,hyponyms - misc,shirt,,camisa
1205,,,,polo,polo
1206,,,,camise,camisilla
1207,,,,dashiki,dashiki
1208,,,,daishiki,daishiki
1209,,,,dress,vestido
1210,,,,evening,vestido_de_tarde
1211,,,,hair,NO_TRANSLATION
1212,,,,jersey,jersey
1213,,,,t-shirt,camiseta
1214,,,,tee,camiseta_de_tirantes
1215,,,,kurta,kurta
1216,,,,sport,camiseta_de_deporte
1217,,,,tank,camiseta_nadador
1218,,,,work-shirt,de_trabajo
1220,L03_41,hyponyms - misc,shoes,,zapatos
1221,,,,sneakers,deportivas
1222,,,,anklet,zapatos_tobilleros
1223,,,,baby_shoes,zapatos_de_bebé
1224,,,,balmoral,balmoral
1225,,,,blucher,blucher
1226,,,,bowling_shoes,zapatos_de_bolos
1227,,,,brogan,botas_de_trabajo
1228,,,,brogue,brogue
1229,,,,clodhopper,zapato_pesado
1230,,,,work_shoes,zapatos_de_trabajo
1231,,,,calceus,calceus
1232,,,,chopine,chapines
1233,,,,platform_shoes,zapatos_de_plataforma
1234,,,,chukka,chukka
1235,,,,boots,botas
1236,,,,cleats,botas_de_tacos
1237,,,,congress_shoes,zapatos_formales
1238,,,,gaiters,polainas
1239,,,,flipper_shoes,aletas
1240,,,,fin_shoes,DUPLICATE_aletas
1241,,,,ghillie,ghillie
1242,,,,gillie,gillie
1243,,,,gym_shoes,zapatillas_de_deporte
1244,,,,tennis_shoes,tenis
1245,,,,loafers,DUPLICATE_mocasines
1246,,,,moccasins,mocasines
1247,,,,mocassins,DUPLICATE_mocasines
1248,,,,oxford_shoes,oxford
1249,,,,pump_shoes,arreglados
1250,,,,running_shoes,de_correr
1251,,,,sabot,alpargatas
1252,,,,wooden_shoes,de_madera
1253,,,,sandals,sandalias
1254,,,,slingbacks,zapatos_sin_talón
1255,,,,sling_shoes,DUPLICATE_zapatos_sin_talón
1256,,,,walker_shoes,zapatos_para_caminar
1257,,,,walking_shoes,de_caminar
1258,,,,wedgie,cuñas
1259,,,,wing_shoes,NO_TRANSLATION
1260,,,,tip_shoes,zapatos_de_punta
1261,,,,stiletto,estileto
1262,,,,heeled,de_tacón
1263,,,,,"calzado_deportivo,zapatillas"
1264,L03_42,hyponyms - misc,sofa,,sofá
1265,,,,divan,diván
1266,,,,diwan,DUPLICATE_diván
1267,,,,convertible_sofa,sofá_convertible
1268,,,,daybed,sofá_cama
1269,,,,loveseat,sofá_nido
1270,,,,settee,asiento
1271,,,,squab,cojín
1272,,,,,canapé
1273,L03_43,hyponyms - misc,song,,canción
1274,,,,lullaby,nana
1275,,,,religious_song,canción_religiosa
1276,,,,anthem,himno
1277,,,,aria,aria
1278,,,,ballad,balada
1279,,,,lay,canción_lírica
1280,,,,barcarole,barcarola
1281,,,,barcarolle,DUPLICATE_barcarola
1282,,,,ditty,cancioncilla
1283,,,,dirge,endecha
1284,,,,coronach,canción_fúnebre
1285,,,,lament,lamento
1286,,,,requiem,réquiem
1287,,,,threnody,treno
1288,,,,drinking_song,canción_de_beber
1289,,,,folk_song,canción_folclórica
1290,,,,folksong,canción_popular
1291,,,,folk_ballad,balada_popular
1292,,,,lied,lied
1293,,,,love_song,canción_de_amor
1294,,,,love-song,canción_romántica
1295,,,,cradlesong,canción_de_cuna
1296,,,,berceuse,DUPLICATE_nana
1297,,,,oldie,vieja
1298,,,,golden_oldie,viejo_éxito
1299,,,,partsong,NO_TRANSLATION
1300,,,,prothalamion,canción_de_boda
1301,,,,prothalamium,DUPLICATE_canción_de_boda
1302,,,,roundelay,ronda
1303,,,,scolion,escolión
1304,,,,banquet_song,canción_de_banquete
1305,,,,serenade,serenata
1306,,,,torch_song,canción_de_antorcha
1307,,,,work_song,canción_de_trabajo
1308,,,,,"canto,balada,cántico,trova"
1309,L03_44,hyponyms - misc,spice,,especias
1310,,,,pepper,pimienta
1311,,,,allspice,pimienta_de_jamaica
1312,,,,ajwain,ajwain
1313,,,,cumin,comino
1314,,,,caraway_seed,semilla_de_alcaravea
1315,,,,cardamom,cardamomo
1316,,,,cassia,cassia
1317,,,,cayenne,cayena
1318,,,,celery_seeds,semillas_de_apio
1319,,,,chile_pepper,pimiento_de_chile
1320,,,,chile,chile
1321,,,,cinnamon,canela
1322,,,,clove,clavo
1323,,,,coriander,cilantro
1324,,,,dill,eneldo
1325,,,,fennel,hinojo
1326,,,,fenugreek,alholva
1327,,,,frankincense,incienso
1328,,,,galangal,galanga
1329,,,,garlic,ajo
1330,,,,ginger,jengibre
1331,,,,horseradish,rábano_picante
1332,,,,jalapeño,jalapeño
1333,,,,juniper,enebro
1334,,,,licorice,regaliz
1335,,,,mace,macis
1336,,,,mustard,mostaza
1337,,,,nutmeg,nuez_moscada
1338,,,,onion,cebolla
1339,,,,paprika,pimentón
1340,,,,peppercorns,granos_de_pimienta
1341,,,,saffron,azafrán
1342,,,,savory,ajedrea
1343,,,,sesame,sésamo
1344,,,,anise,anís
1345,,,,sumac,zumaque
1346,,,,tabasco,tabasco
1347,,,,tamarind,tamarindo
1348,,,,turmeric,cúrcuma
1349,,,,five_spice_powder,polvo_de_especias_variadas
1350,,,,powdered_ginger,jengibre_en_polvo
1351,,,,chinese_anise,anís_chino
1352,,,,star_anise,anís_estrellado
1353,,,,star_aniseed,semilla_de_anís_estrellado
1355,L03_45,hyponyms - misc,sweater,,jersey
1356,,,,turtleneck,de_cuello_alto
1357,,,,cardigan,cardigan
1358,,,,pullover,pulóver
1359,,,,slipover,chaleco
1360,,,,turtle,DUPLICATE_de_cuello_alto
1361,,,,polo-neck,cuello_redondo
1362,,,,,suéter
1363,L03_46,hyponyms - misc,tool,,herramienta
1364,,,,rake,rastrillo
1365,,,,abrader,material_abrasivo
1366,,,,abradant,abrasivo
1367,,,,bender,dobladora
1368,,,,clincher,agarre
1369,,,,comb,peine
1370,,,,cutting_implement,herramienta_de_corte
1371,,,,drill,taladro
1372,,,,eolith,eolito
1373,,,,fork,horquilla
1374,,,,gang,cuadrilla
1375,,,,garden_tool,herramienta_de_jardín
1376,,,,lawn_tool,herramienta_de_césped
1377,,,,grapnel,rezón
1378,,,,grapple,grapadora
1379,,,,grappler,garfio
1380,,,,grappling_hook,gancho_de_agarre
1381,,,,grappling_iron,metal_de_agarre
1382,,,,hack,hackear
1383,,,,hand_tool,herramienta_de_mano
1384,,,,hoe,azada
1385,,,,jack,gato
1386,,,,jaws_of_life,NO_TRANSLATION
1387,,,,neolith,neolito
1388,,,,paleolith,paleolito
1389,,,,pestle,mortero
1390,,,,muller,molino
1391,,,,pounder,machacador
1392,,,,plow,arado
1393,,,,plough,DUPLICATE_arado
1394,,,,power_tool,herramienta_eléctrica
1395,,,,punch,punzón
1396,,,,puncher,perforador
1397,,,,ram,ariete
1398,,,,rounder,redondeador
1399,,,,saw_set,set_de_sierra
1400,,,,shaping_tool,herramienta_de_modelado
1401,,,,strickle,rasero
1402,,,,stylus,estilete
1403,,,,style,estilo
1404,,,,tamp,DUPLICATE_NO_TRANSLATION
1405,,,,tamper,pisón
1406,,,,tamping_bar,barra_de_apisonamiento
1407,,,,tap,grifo
1408,,,,upset,DUPLICATE_NO_TRANSLATION
1409,,,,swage,prensa
1410,,,,,"podadora,martillo,llave,llave_inglesa,llave_allen,destornillador,alicates,tenazas,nivel,nivelador"
1411,L03_47,hyponyms - misc,toy,,juguete
1412,,,,doll,muñeca
1413,,,,ball,bola
1414,,,,balloon,globo
1415,,,,cockhorse,caballo_de_madera
1416,,,,dolly,muñequita
1417,,,,dollhouse,casa_de_muñecas
1418,,,,house,casa
1419,,,,frisbee,frisbee
1420,,,,hobby,hobby
1421,,,,hobbyhorse,caballo_de_juguete
1422,,,,rocking,balancín
1423,,,,horse,caballo
1424,,,,hula-hoop,hula-hoop
1425,,,,jack-in-the-box,Jack_en_la_caja
1426,,,,jungle,jungle
1427,,,,gym,gimnasio
1428,,,,jumping,saltar
1429,,,,jack,saltos
1430,,,,kaleidoscope,caleidoscopio
1431,,,,kite,cometa
1432,,,,lego,lego
1433,,,,meccano,mecano
1434,,,,shooter,tirador
1435,,,,pinata,piñata
1436,,,,pinwheel,molinete
1437,,,,playhouse,casa_de_juegos
1438,,,,wendy,NO_TRANSLATION
1439,,,,pogo,pogo
1440,,,,stick,palo
1441,,,,popgun,pistola_de_juguete
1442,,,,rattle,sonajero
1443,,,,sandbox,caja_de_arena
1444,,,,sandpile,cajón_arenero
1445,,,,sandpit,arenero
1446,,,,seesaw,DUPLICATE_balancín
1447,,,,teeter,columpio_balancín
1448,,,,teeter-totter,columpio
1449,,,,teetertotter,DUPLICATE_columpio
1450,,,,teeterboard,barra_balancín
1451,,,,tilting,DUPLICATE_balancín
1452,,,,board,tablero
1453,,,,dandle,manivela
1454,,,,slide,tobogán
1455,,,,playground,parque_infantil
1456,,,,sliding,DUPLICATE_tobogán
1457,,,,slingshot,tirachinas
1458,,,,sling,honda
1459,,,,catapult,catapulta
1460,,,,swing,DUPLICATE_columpio
1461,,,,teddy,osito
1462,,,,bear,oso
1463,,,,top,arriba
1464,,,,whirligig,remolino
1465,,,,teetotum,perinola
1466,,,,spinning,ruleta
1467,,,,train,tren
1468,,,,water_pistol,pistola_de_agua
1469,,,,gun,pistola
1470,,,,squirt,chorro
1471,,,,squirter,chorro_de_agua
1472,,,,yo-yo,yo-yo
1473,,,,,"tiovivo,bratz,playmobil,damas_chinas,peonza,caballito"
1474,L03_48,hyponyms - misc,trousers,,pantalones
1475,,,,jeans,vaqueros
1476,,,,bellbottom_trousers,pantalones_de_campana
1477,,,,bell-bottoms,acampanados
1478,,,,bellbottom_pants,DUPLICATE_pantalones_de_campana
1479,,,,breeches,pantalones_parcheados
1480,,,,knee_breeches,pantalones_de_rodillas_parcheadas
1481,,,,knee_pants,pantalones_de_rodillas_reforzadas
1482,,,,knickerbockers,braga_pantalón
1483,,,,knickers,bragas
1484,,,,chino,chinos
1485,,,,churidars,NO_TRANSLATION
1486,,,,cords,DUPLICADO_pantalones_de_pana
1487,,,,corduroys,pantalones_de_pana
1488,,,,flannel,franela
1489,,,,gabardine,gabardina
1490,,,,tweed,tweed
1491,,,,white,pantalón_blanco
1492,,,,jean,jean
1493,,,,blue_jean,blue_jean
1494,,,,denim,vaquero
1495,,,,jodhpurs,DUPLICADO_pantalones_de_montar
1496,,,,jodhpur_breeches,pantalones_de_montar
1497,,,,riding_breeches,pantalones_de_montañismo
1498,,,,long_trousers,pantalones_largos
1499,,,,long_pants,DUPLICATE_pantalones_largos
1500,,,,pajama,pantalón_de_pijama
1501,,,,pyjama,pantalones_de_pijama
1502,,,,pantaloon,bombachos
1503,,,,pedal_pusher,pedalero_empujador
1504,,,,toreador_pants,pantalones_toreadores
1505,,,,salwar,salwar
1506,,,,shalwar,shalwar
1507,,,,short_pants,pantalones_cortos
1508,,,,shorts,pantalón_corto
1509,,,,trunks,bañadores
1510,,,,slacks,pantalón_ancho
1511,,,,stretch_pants,pantalones_elásticos
1512,,,,sweat_pants,pantalón_de_chandal
1513,,,,sweatpants,pantalones_de_deporte
1514,,,,trews,pantalón_escocés
1515,,,,britches,pantalones_bombachos
1516,,,,buckskins,pantalones_de_ante
1517,,,,plus_fours,pantalones_de_cuadros
1518,,,,trunk_hose,medias_de_triple
1519,,,,levi's,levi's
1520,,,,levis,levis
1521,,,,bermuda_shorts,bermudas
1522,,,,jamaica_shorts,jamaicanos
1523,,,,hot_pants,térmicos
1524,,,,lederhosen,lederhosen
1525,,,,,"pantalón_de_campana,pantalón_de_pana,pantalón_de_deporte,pantalón_pirata,pantalones_cortos"
1526,L03_49,hyponyms - misc,weapon,,arma
1527,,,,gun,pistola
1528,,,,bow,arco
1529,,,,arrow,flecha
1530,,,,dart,dardo
1531,,,,knucks,nudillos
1532,,,,knuckles,DUPLICATE_nudillos
1533,,,,flamethrower,lanzallamas
1534,,,,knife,cuchillo
1535,,,,missile,misil
1536,,,,pike,pica
1537,,,,projectile,proyectil
1538,,,,slasher,NO_TRANSLATION
1539,,,,sling,honda
1540,,,,spear,lanza_larga
1541,,,,lance,lanza
1542,,,,shaft,barra
1543,,,,stun,aturdidor
1544,,,,baton,bastón
1545,,,,sword,espada
1546,,,,blade,hoja
1547,,,,brand,marca
1548,,,,steel,acero
1549,,,,tomahawk,tomahawk
1550,,,,hatchet,hacha_de_guerra
1551,,,,fire,fuego
1552,,,,,"cañón,rifle,ametralladora,jabalina,hacha,puñal"
1553,L03_50,hyponyms - misc,weekday,,día_de_la_semana
1554,,,,monday,lunes
1555,,,,workday,laboral
1556,,,,working_day,día_laboral
1557,,,,work_day,día_de_trabajo
1558,,,,feria,feria
1559,,,,mon,lun
1560,,,,tuesday,martes
1561,,,,tues,m
1562,,,,wednesday,miércoles
1563,,,,midweek,mitad_de_semana
1564,,,,wed,x
1565,,,,thursday,jueves
1566,,,,th,j
1567,,,,friday,viernes
1568,,,,fri,v
1569,,,,saturday,sábado
1570,,,,sabbatum,sabbatum
1571,,,,sat,s
