,ID,Relation,Source,Target,IT
0,L02_1,hypernyms - misc,armchair,,poltrona
1,,,,chair,sedia
2,,,,seat,seduta
3,,,,piece_of_furniture,elemento_d'_arredamento
4,,,,article_of_furniture,complemento_d'_arredo
5,,,,furnishing,arredamento
6,,,,artifact,artefatto
7,,,,artefact,DUPLICATE_artefatto
8,,,,unit,unità
9,,,,object,oggetto
10,,,,physical_object,oggetto_fisico
11,,,,physical_entity,entità_fisica
12,,,,entity,entità
13,,,,,"manufatto,sedile,suppellettile,arredo,mobile,mobilio,mobilia,articolo_d'_arredamento,pezzo_d'_arredamento,oggetto_materiale,oggetto_concreto"
14,L02_2,hypernyms - misc,blender,,frullatore
15,,,,appliance,apparecchio
16,,,,mixer,miscelatore
17,,,,kitchen_utensil,utensile_da_cucina
18,,,,utensil,utensile
19,,,,implement,strumento
20,,,,artifact,artefatto
21,,,,artefact,DUPLICATE_artefatto
22,,,,unit,unità
23,,,,object,oggetto
24,,,,physical_object,oggetto_fisico
25,,,,physical_entity,entità_fisica
26,,,,entity,entità
27,,,,,"mixer,tritatutto,minipimer,attrezzo,congegno,meccanismo,apparecchio_elettrico,suppellettile,macchina,mercanzia,prodotto,manufatto"
28,L02_3,hypernyms - misc,bracelet,,bracciale
29,,,,jewelry,articolo_di_gioielleria
30,,,,band,cinturino
31,,,,strip,fascia
32,,,,slip,NO_TRANSLATION
33,,,,artifact,artefatto
34,,,,artefact,DUPLICATE_artefatto
35,,,,unit,unità
36,,,,object,oggetto
37,,,,physical_object,oggetto_fisico
38,,,,physical_entity,entità_fisica
39,,,,entity,entità
40,,,,jewellery,DUPLICATE_gioielleria
41,,,,adornment,adornamento
42,,,,decoration,decorazione
43,,,,ornament,ornamento
44,,,,ornamentation,decoro
45,,,,,"gioia,bijou,bigiotteria,gioiello,gioielleria,prodotto,manufatto,monile,oreficeria,nastro"
46,L02_4,hypernyms - misc,brooch,,spilla
47,,,,jewelry,articolo_di_gioielleria
48,,,,jewellery,DUPLICATE_articolo_di_gioielleria
49,,,,adornment,adornamento
50,,,,decoration,decorazione
51,,,,ornament,ornamento
52,,,,ornamentation,decoro
53,,,,artifact,artefatto
54,,,,artefact,DUPLICATE_artefatto
55,,,,unit,unità
56,,,,object,oggetto
57,,,,physical_object,oggetto_fisico
58,,,,,"gioia,bijou,bigiotteria,prodotto,manufatto,monile,oreficeria,gioielleria"
59,L02_5,hypernyms - misc,cake,,torta
60,,,,dessert,dolce
61,,,,baked_goods,prodotti_da_forno
62,,,,food,cibo
63,,,,solid_food,cibo_solido
64,,,,course,portata
65,,,,nutriment,nutrimento
66,,,,nourishment,DUPLICATE_nutrimento
67,,,,nutrition,nutrizione
68,,,,sustenance,sostentamento
69,,,,aliment,alimento
70,,,,alimentation,alimentazione
71,,,,victuals,viveri
72,,,,nutrient,nutriente
73,,,,substance,sostanza
74,,,,matter,materia
75,,,,physical_entity,entità_fisica
76,,,,entity,entità
77,,,,,"vettovaglie,vivande,dessert,mangiare,piatto"
78,L02_6,hypernyms - misc,computer,,computer
79,,,,device,dispositivo
80,,,,machine,macchina
81,,,,gadget,gadget
82,,,,artifact,artefatto
83,,,,artefact,DUPLICATE_artefatto
84,,,,unit,unità
85,,,,object,oggetto
86,,,,physical_object,oggetto_fisico
87,,,,physical_entity,entità_fisica
88,,,,entity,entità
89,,,,expert,esperto
90,,,,person,persona
91,,,,individual,individuo
92,,,,someone,qualcuno
93,,,,somebody,DUPLICATE_qualcuno
94,,,,mortal,mortale
95,,,,soul,anima
96,,,,causal_agent,agente_scatenante
97,,,,cause,causa
98,,,,causal_agency,agente_causale
99,,,,organism,organismo
100,,,,being,essere
101,,,,living_thing,cosa_vivente
102,,,,animate_thing,cosa_animata
103,,,,,"calcolatore,elaboratore,calcolatore_elettronico,strumento_di_calcolo,apparecchio,device,congegno,meccanismo,spirito"
104,L02_7,hypernyms - misc,croissant,,cornetto
105,,,,pastry,pasticceria
106,,,,bun,pagnotta
107,,,,roll,panino
108,,,,bread,pane
109,,,,breadstuff,prodotti_da_forno
110,,,,staff_of_life,alimento_base
111,,,,baked_goods,DUPLICATE_prodotti_da_forno
112,,,,starches,amidi
113,,,,food,cibo
114,,,,solid_food,cibo_solido
115,,,,foodstuff,alimento
116,,,,food_product,prodotto_alimentare
117,,,,solid,solido
118,,,,nutrient,nutriente
119,,,,matter,materia
120,,,,substance,sostanza
121,,,,physical_entity,entità_fisica
122,,,,entity,entità
123,,,,,"dolce,farinacei,rotolo,croissant,portata,piatto,panino,vivanda,viveri,sfoglia,pasta,impasto"
124,L02_8,hypernyms - misc,cup,,tazza
125,,,,tableware,vasellame
126,,,,crockery,terracotte
127,,,,dishware,stoviglie
128,,,,ware,merci
129,,,,article,articolo
130,,,,artifact,artefatto
131,,,,artefact,DUPLICATE_artefatto
132,,,,unit,unità
133,,,,object,oggetto
134,,,,physical_object,oggetto_fisico
135,,,,physical_entity,entità_fisica
136,,,,entity,entità
137,,,,container,contenitore
138,,,,,"bicchiere,porcellana,ceramica,recipiente"
139,L02_9,hypernyms - misc,denim,,denim
140,,,,fabric,tessuto
141,,,,cloth,stoffa
142,,,,material,materiale
143,,,,textile,tessile
144,,,,artifact,artefatto
145,,,,artefact,DUPLICATE_artefatto
146,,,,unit,unità
147,,,,object,oggetto
148,,,,physical_object,oggetto_fisico
149,,,,physical_entity,entità_fisica
150,,,,entity,entità
151,,,,garment,capo
152,,,,clothing,abbigliamento
153,,,,article_of_clothing,capo_d'_abbigliamento
154,,,,vesture,veste
155,,,,wear,indumento
156,,,,wearable,vestimento
157,,,,habiliment,vestiario
158,,,,consumer_goods,beni_di_consumo
159,,,,covering,copertura
160,,,,commodity,merce
161,,,,trade_good,prodotto_commerciale
162,,,,good,bene
163,,,,,"jeans,prodotto,moda,vestito,vestimento,capo_di_vestiario,materiale"
164,L02_10,hypernyms - misc,deodorant,,deodorante
165,,,,toiletry,toeletta
166,,,,toilet_articles,articolo_da_bagno
167,,,,artifact,artefatto
168,,,,artefact,DUPLICATE_artefatto
169,,,,unit,unità
170,,,,object,oggetto
171,,,,physical_object,oggetto_fisico
172,,,,physical_entity,entità_fisica
173,,,,entity,entità
174,,,,,"profumtore,liquido,sostanza"
175,L02_11,hypernyms - misc,desk,,scrivania
176,,,,furniture,mobili
177,,,,table,tavola
178,,,,piece_of_furniture,elemento_d'_arredamento
179,,,,article_of_furniture,complemento_d'_arredo
180,,,,furnishing,arredamento
181,,,,artifact,artefatto
182,,,,artefact,DUPLICATE_artefatto
183,,,,unit,unità
184,,,,object,oggetto
185,,,,physical_object,oggetto_fisico
186,,,,physical_entity,entità_fisica
187,,,,entity,entità
188,,,,,"manufatto,tavolo,suppellettile,arredo,mobile,mobilio,mobilia,articolo_d'_arredamento,pezzo_d'_arredamento,oggetto_materiale,oggetto_concreto"
189,L02_12,hypernyms - misc,diary,,diario
190,,,,journal,giornale
191,,,,writing,scrittura
192,,,,written_material,materiale_scritto
193,,,,piece_of_writing,uno_scritto
194,,,,written_communication,comunicazione_scritta
195,,,,written_language,parola_scritta
196,,,,black_and_white,nero_su_bianco
197,,,,communication,comunicazione
198,,,,abstraction,astrazione
199,,,,abstract_entity,entità_astratta
200,,,,entity,entità
201,,,,book,libro
202,,,,volume,volume
203,,,,product,prodotto
204,,,,production,produzione
205,,,,creation,creazione
206,,,,artifact,artefatto
207,,,,artefact,DUPLICATE_artefatto
208,,,,unit,unità
209,,,,object,oggetto
210,,,,physical_object,oggetto_fisico
211,,,,physical_entity,entità_fisica
212,,,,,"tomo,periodico,rivista,estratto,testo,messaggio,quaderno"
213,L02_13,hypernyms - misc,dishwasher,,lavastoviglie
214,,,,appliance,apparecchio
215,,,,machine,macchinario
216,,,,entity,entità
217,,,,unit,unità
218,,,,object,oggetto
219,,,,physical_object,oggetto_fisico
220,,,,white_goods,elettrodomestico
221,,,,home_appliance,DUPLICATE_elettrodomestico
222,,,,household_appliance,DUPLICATE_elettrodomestico
223,,,,durables,beni_durevoli
224,,,,durable_goods,DUPLICATE_beni_durevoli
225,,,,consumer_durables,beni_di_consumo_durevoli
226,,,,consumer_goods,beni_di_consumo
227,,,,commodity,merce
228,,,,trade_good,prodotto_commerciale
229,,,,good,bene
230,,,,artifact,artefatto
231,,,,artefact,DUPLICATE_artefatto
232,,,,physical_entity,DUPLICATE_entità_fisica
234,,,,,"congegno,meccanismo,strumento,apparecchio_elettrico,suppellettile,macchina,lavapiatti,arredamento,mercanzia,prodotto,manufatto"
235,L02_14,hypernyms - misc,dress,,abito
236,,,,clothes,vestiti
237,,,,garment,capo
238,,,,clothing,abbigliamento
239,,,,article_of_clothing,capo_d'_abbigliamento
240,,,,vesture,veste
241,,,,wear,indumento
242,,,,wearable,vestimento
243,,,,habiliment,vestiario
244,,,,consumer_goods,beni_di_consumo
245,,,,covering,copertura
246,,,,commodity,merce
247,,,,trade_good,prodotto_commerciale
248,,,,good,bene
249,,,,artifact,artefatto
250,,,,artefact,DUPLICATE_artefatto
251,,,,unit,unità
252,,,,object,oggetto
253,,,,physical_object,oggetto_fisico
254,,,,physical_entity,entità_fisica
255,,,,entity,entità
264,,,,,"vestito,indossabile"
265,L02_15,hypernyms - misc,fridge,,frigorifero
266,,,,appliance,apparecchio
267,,,,icebox,congelatore
268,,,,white_goods,elettrodomestico
269,,,,home_appliance,DUPLICATE_elettrodomestico
270,,,,household_appliance,DUPLICATE_elettrodomestico
271,,,,durables,beni_durevoli
272,,,,durable_goods,DUPLICATE_beni_durevoli
273,,,,consumer_durables,beni_di_consumo_durevoli
274,,,,consumer_goods,beni_di_consumo
275,,,,commodity,merce
276,,,,trade_good,prodotto_commerciale
277,,,,good,bene
278,,,,artifact,artefatto
279,,,,artefact,DUPLICATE_artefatto
280,,,,unit,unità
281,,,,object,oggetto
282,,,,physical_object,oggetto_fisico
283,,,,physical_entity,entità_fisica
284,,,,entity,entità
285,,,,,"frigo,freezer,ghiacciaia,congegno,meccanismo,strumento,apparecchio_elettrico,suppellettile,macchina,arredamento,mercanzia,prodotto,manufatto"
286,L02_16,hypernyms - misc,gasoline,,benzina
287,,,,fuel,carburante
288,,,,hydrocarbon,idrocarburo
289,,,,substance,sostanza
290,,,,organic_compound,composto_organico
291,,,,matter,materia
292,,,,compound,miscela
293,,,,chemical_compound,composto_chimico
294,,,,physical_entity,entità_fisica
295,,,,chemical,prodotto_chimico
296,,,,chemical_substance,sostanza_chimica
297,,,,entity,entità
298,,,,material,materiale
299,,,,stuff,cosa
300,,,,part,parte
301,,,,portion,porzione
302,,,,component_part,parte_componente
303,,,,component,componente
304,,,,constituent,costituente
305,,,,relation,relazione
306,,,,abstraction,astrazione
307,,,,abstract_entity,entità_astratta
309,,,,,"gasolio,liquido,combustibile,combustibile_fossile,agente_chimico"
310,L02_17,hypernyms - misc,grapefruit,,pompelmo
311,,,,citrus,agrumi
312,,,,citrus_fruit,DUPLICATE_agrumi
313,,,,citrous_fruit,DUPLICATE_agrumi
314,,,,fruit,frutta
315,,,,edible_fruit,frutta_commestibile
316,,,,produce,prodotto
317,,,,green_goods,prodotti_ecologici
318,,,,green_groceries,prodotti_ortofrutticoli
319,,,,garden_truck,NO_TRANSLATION
320,,,,food,cibo
321,,,,matter,materia
322,,,,natural_object,oggetto_naturale
323,,,,physical_entity,entità_fisica
324,,,,unit,unità
325,,,,entity,entità
326,,,,object,oggetto
327,,,,physical_object,oggetto_fisico
328,,,,,"produzione,albero,essere_vivente,organismo_vegetale,prodotti_green,generi_alimentari"
329,L02_18,hypernyms - misc,hairnet,,cuffia
330,,,,net,rete
331,,,,network,reticolo
332,,,,mesh,maglia
333,,,,meshing,retinatura
334,,,,meshwork,DUPLICATE_reticolo
335,,,,fabric,tessuto
336,,,,cloth,stoffa
337,,,,material,materiale
338,,,,textile,tessile
339,,,,artifact,artefatto
340,,,,artefact,DUPLICATE_artefatto
341,,,,unit,unità
342,,,,object,oggetto
343,,,,physical_object,oggetto_fisico
344,,,,physical_entity,entità_fisica
345,,,,entity,entità
346,,,,,"cappello,copricapo,articolo_di_vestiario"
347,L02_19,hypernyms - misc,hairpin,,forcina
348,,,,pin,spilletta
349,,,,fastener,aggancio
350,,,,fastening,allacciatura
351,,,,holdfast,presa
352,,,,fixing,fissaggio
353,,,,restraint,contenimento
354,,,,constraint,DUPLICATE_contenimento
355,,,,device,strumento
356,,,,artifact,artefatto
357,,,,artefact,DUPLICATE_artefatto
358,,,,unit,unità
359,,,,object,oggetto
360,,,,physical_object,oggetto_fisico
361,,,,physical_entity,entità_fisica
362,,,,entity,entità
363,,,,,"attrezzo,arnese,fermaglio,fermacapelli,forcella"
364,L02_20,hypernyms - misc,hamburger,,hamburger
365,,,,sandwich,tramezzino
366,,,,snack_food,spuntino
367,,,,dish,piatto
368,,,,nutriment,nutrimento
369,,,,nourishment,DUPLICATE_nutrimento
370,,,,nutrition,nutrizione
371,,,,sustenance,sostentamento
372,,,,aliment,alimento
373,,,,alimentation,alimentazione
374,,,,victuals,viveri
375,,,,food,cibo
376,,,,nutrient,nutriente
377,,,,substance,sostanza
378,,,,matter,materia
379,,,,physical_entity,entità_fisica
380,,,,entity,entità
381,,,,beef,carne_bovina
382,,,,boeuf,manzo
383,,,,meat,carne
384,,,,solid_food,cibo_solido
385,,,,solid,DUPLICATE_cibo_solido
386,,,,,"merenda,sandwich,panino,vivande,vettovaglie,pietanza,bistecca,taglio,porzione"
387,L02_21,hypernyms - misc,jacket,,giacca
388,,,,clothes,vestiti
389,,,,coat,cappotto
390,,,,overgarment,soprabito
391,,,,outer_garment,indumento_esterno
392,,,,garment,capo
393,,,,clothing,abbigliamento
394,,,,article_of_clothing,capo_d'_abbigliamento
395,,,,vesture,veste
396,,,,wear,indumento
397,,,,wearable,vestimento
398,,,,habiliment,vestiario
399,,,,consumer_goods,beni_di_consumo
400,,,,covering,copertura
401,,,,commodity,merce
402,,,,trade_good,prodotto_commerciale
403,,,,good,bene
404,,,,artifact,artefatto
405,,,,artefact,DUPLICATE_artefatto
406,,,,unit,unità
407,,,,object,oggetto
408,,,,physical_object,oggetto_fisico
409,,,,physical_entity,entità_fisica
410,,,,entity,entità
411,,,,,"abito,capo_di_vestiario,giubba,vestito"
412,L02_22,hypernyms - misc,jeans,,jeans
413,,,,trousers,pantaloni
414,,,,pants,DUPLICATE_pantaloni
415,,,,workwear,abbigliamento_da_lavoro
416,,,,garment,capo
417,,,,clothing,abbigliamento
418,,,,clothes,vestiti
419,,,,article_of_clothing,capo_d'_abbigliamento
420,,,,vesture,veste
421,,,,wear,indumento
422,,,,wearable,vestimento
423,,,,habiliment,vestiario
424,,,,consumer_goods,beni_di_consumo
425,,,,covering,copertura
426,,,,commodity,merce
427,,,,trade_good,prodotto_commerciale
428,,,,good,bene
429,,,,artifact,artefatto
430,,,,artefact,DUPLICATE_artefatto
431,,,,unit,unità
432,,,,object,oggetto
433,,,,physical_object,oggetto_fisico
434,,,,physical_entity,entità_fisica
435,,,,entity,entità
436,,,,,"abiti_da_lavoro,denim,prodotto"
437,L02_23,hypernyms - misc,juicer,,spremiagrumi
438,,,,utensil,utensile
439,,,,physical_entity,entità_fisica
440,,,,entity,entità
441,,,,unit,unità
442,,,,object,oggetto
443,,,,physical_object,oggetto_fisico
444,,,,squeezer,DUPLICATE_spremiagrumi
445,,,,kitchen_utensil,utensile_da_cucina
446,,,,implement,strumento
447,,,,artifact,artefatto
448,,,,artefact,DUPLICATE_artefatto
449,,,,,"estrattore,centrifugatore,centrifuga,elettrodomenstico,apparecchio,meccanismo,congegno"
450,L02_24,hypernyms - misc,lemon,,limone
451,,,,citrus,agrumi
452,,,,citrus_fruit,DUPLICATE_agrumi
453,,,,citrous_fruit,DUPLICATE_agrumi
454,,,,fruit,frutta
455,,,,edible_fruit,frutta_commestibile
456,,,,produce,prodotto
457,,,,green_goods,prodotti_ecologici
458,,,,green_groceries,prodotti_ortofrutticoli
459,,,,garden_truck,NO_TRANSLATION
460,,,,food,cibo
461,,,,matter,materia
462,,,,natural_object,oggetto_naturale
463,,,,physical_entity,entità_fisica
464,,,,unit,unità
465,,,,entity,entità
466,,,,object,oggetto
467,,,,physical_object,oggetto_fisico
468,,,,,"albero,organismo_vegetale,pianta,essere_vivente"
469,L02_25,hypernyms - misc,lotion,,lozione
470,,,,toiletry,toeletta
471,,,,toilet_articles,articolo_da_bagno
472,,,,artifact,artefatto
473,,,,artefact,DUPLICATE_artefatto
474,,,,unit,unità
475,,,,object,oggetto
476,,,,physical_object,oggetto_fisico
477,,,,physical_entity,entità_fisica
478,,,,entity,entità
479,,,,,"farmaco,medicamento,sostanza,crema,cosmetico,unguento"
480,L02_26,hypernyms - misc,mascara,,mascara
481,,,,makeup,trucco
482,,,,make-up,make-up
483,,,,war_paint,NO_TRANSLATION
484,,,,cosmetic,cosmetico
485,,,,toiletry,toeletta
486,,,,toilet_articles,articolo_da_bagno
487,,,,artifact,artefatto
488,,,,artefact,DUPLICATE_artefatto
489,,,,unit,unità
490,,,,object,oggetto
491,,,,physical_object,oggetto_fisico
492,,,,physical_entity,entità_fisica
493,,,,entity,entità
494,,,,,"prodotto,maquillage"
495,L02_27,hypernyms - misc,necklace,,collana
496,,,,jewelry,articolo_di_gioielleria
497,,,,jewellery,DUPLICATE_articolo_di_gioielleria
498,,,,adornment,adornamento
499,,,,decoration,decorazione
500,,,,ornament,ornamento
501,,,,ornamentation,decoro
502,,,,artifact,artefatto
503,,,,artefact,DUPLICATE_artefatto
504,,,,unit,unità
505,,,,object,oggetto
506,,,,physical_object,oggetto_fisico
507,,,,physical_entity,entità_fisica
508,,,,entity,entità
509,,,,,"gioia,bijou,bigiotteria,gioiello,gioielleria,prodotto,manufatto,monile,oreficeria,"
510,L02_28,hypernyms - misc,notebook,,notebook
511,,,,book,libro
512,,,,volume,volume
513,,,,product,prodotto
514,,,,production,produzione
515,,,,creation,creazione
516,,,,artifact,artefatto
517,,,,artefact,DUPLICATE_artefatto
518,,,,unit,unità
519,,,,object,oggetto
520,,,,physical_object,oggetto_fisico
521,,,,physical_entity,entità_fisica
522,,,,entity,entità
523,,,,portable_computer,computer_portatile
524,,,,personal_computer,personal_computer
525,,,,pc,pc
526,,,,microcomputer,microcomputer
527,,,,digital_computer,computer_digitale
528,,,,computer,computer
529,,,,computing_machine,strumento_di_calcolo
530,,,,computing_device,dispositivo_informatico
531,,,,data_processor,processore_di_dati
532,,,,electronic_computer,computer_elettronico
533,,,,information_processing_system,sistema_di_elaborazione_delle_informazioni
534,,,,machine,macchina
535,,,,device,dispositivo
536,,,,,"laptop,calcolatore,portatile,dispositivo_di_calcolo,sistema_informatico,strumento,apparecchio,device"
537,L02_29,hypernyms - misc,notepad,,blocco_note
538,,,,pad,blocco
539,,,,pad_of_paper,blocco_di_carta
540,,,,tablet,tavoletta
541,,,,paper,carta
542,,,,material,materiale
543,,,,stuff,cosa
544,,,,substance,sostanza
545,,,,matter,materia
546,,,,part,parte
547,,,,portion,porzione
548,,,,component_part,parte_componente
549,,,,component,componente
550,,,,constituent,costituente
551,,,,physical_entity,entità_fisica
552,,,,relation,relazione
553,,,,entity,entità
554,,,,abstraction,astrazione
555,,,,abstract_entity,entità_astratta
556,,,,,"tacquino,bloc_notes,quaderno"
557,L02_30,hypernyms - misc,pastry,,sfoglia
558,,,,food,cibo
559,,,,dough,impasto
560,,,,concoction,mistura
561,,,,mixture,miscela
562,,,,intermixture,miscuglio
563,,,,foodstuff,alimento
564,,,,food_product,prodotto_alimentare
565,,,,nutrient,nutriente
566,,,,substance,sostanza
567,,,,matter,materia
568,,,,physical_entity,entità_fisica
569,,,,entity,entità
570,,,,baked_goods,prodotti_da_forno
571,,,,solid_food,cibo_solido
572,,,,solid,DUPLICATE_cibo_solido
573,,,,,"pasta,prodotto,amalgama,agglomerato,composto,melange"
574,L02_31,hypernyms - misc,peach,,pesca
575,,,,fruit,frutta
576,,,,drupe,drupa
577,,,,stone_fruit,drupacee
578,,,,edible_fruit,frutta_commestibile
579,,,,produce,prodotto
580,,,,green_goods,prodotti_ecologici
581,,,,green_groceries,prodotti_ortofrutticoli
582,,,,garden_truck,NO_TRANSLATION
583,,,,food,cibo
584,,,,matter,materia
585,,,,natural_object,oggetto_naturale
586,,,,physical_entity,entità_fisica
587,,,,unit,unità
588,,,,entity,entità
589,,,,object,oggetto
590,,,,physical_object,oggetto_fisico
591,,,,,frutta_con_nocciolo
592,L02_32,hypernyms - misc,perfume,,profumo
593,,,,toiletry,toeletta
594,,,,toilet_articles,articolo_da_bagno
595,,,,artifact,artefatto
596,,,,artefact,DUPLICATE_artefatto
597,,,,unit,unità
598,,,,object,oggetto
599,,,,physical_object,oggetto_fisico
600,,,,physical_entity,entità_fisica
601,,,,entity,entità
602,,,,,"liquido,sostanza,materia"
603,L02_33,hypernyms - misc,photo,,foto
604,,,,picture,fotografia
605,,,,image,immagine
606,,,,representation,rappresentazione
607,,,,creation,creazione
608,,,,artifact,artefatto
609,,,,artefact,DUPLICATE_artefatto
610,,,,unit,unità
611,,,,object,oggetto
612,,,,physical_object,oggetto_fisico
613,,,,physical_entity,entità_fisica
614,,,,entity,entità
615,,,,,"riproduzione,istantanea,figura,icona,raffigurazione,"
616,L02_34,hypernyms - misc,pie,,pasticcio
617,,,,pastry,pasticceria
618,,,,baked_goods,prodotti_da_forno
619,,,,food,cibo
620,,,,solid_food,cibo_solido
621,,,,solid,DUPLICATE_cibo_solido
622,,,,matter,materia
624,,,,entity,entità
625,,,,indo-european,indoeuropea
626,,,,indo-european_language,lingua_indoeuropea
627,,,,indo-hittite,indo-ittita
628,,,,natural_language,lingua_naturale
629,,,,tongue,lingua
630,,,,language,linguaggio
631,,,,linguistic_communication,comunicazione_linguistica
632,,,,communication,comunicazione
633,,,,abstraction,astrazione
634,,,,abstract_entity,entità_astratta
635,,,,,"torta,crostata,alimento,piatto,pietanza,dessert"
636,L02_35,hypernyms - misc,plum,,prugna
637,,,,fruit,frutta
638,,,,drupe,drupa
639,,,,stone_fruit,drupacee
640,,,,edible_fruit,frutta_commestibile
641,,,,produce,prodotto
642,,,,green_goods,prodotti_ecologici
643,,,,green_groceries,prodotti_ortofrutticoli
644,,,,garden_truck,NO_TRANSLATION
645,,,,food,cibo
646,,,,matter,materia
647,,,,natural_object,oggetto_naturale
648,,,,physical_entity,entità_fisica
649,,,,unit,unità
650,,,,entity,entità
651,,,,object,oggetto
652,,,,physical_object,oggetto_fisico
653,,,,,"frutta_con_nocciolo,susina"
654,L02_36,hypernyms - misc,postcard,,cartolina
655,,,,card,biglietto
656,,,,correspondence,corrispondenza
657,,,,first_class,posta_prioritaria
658,,,,1st_class,DUPLICATE_posta_prioritaria
659,,,,first-class_mail,DUPLICATE_posta_prioritaria
660,,,,1st-class_mail,DUPLICATE_posta_prioritaria
661,,,,written_communication,comunicazione_scritta
662,,,,written_language,parola_scritta
663,,,,black_and_white,nero_su_bianco
664,,,,mail,posta
665,,,,communication,comunicazione
666,,,,message,messaggio
667,,,,abstraction,astrazione
668,,,,abstract_entity,entità_astratta
669,,,,entity,entità
670,,,,,"cartoncino,talloncino,brano,porzione"
671,L02_37,hypernyms - misc,shelf,,scaffale
672,,,,furniture,mobili
673,,,,support,supporto
674,,,,piece_of_furniture,elemento_d'_arredamento
675,,,,article_of_furniture,complemento_d'_arredo
676,,,,furnishing,arredamento
677,,,,artifact,artefatto
678,,,,artefact,DUPLICATE_artefatto
679,,,,unit,unità
680,,,,object,oggetto
681,,,,physical_object,oggetto_fisico
682,,,,physical_entity,entità_fisica
683,,,,entity,entità
684,,,,,"mensola,scaffalatura,manufatto,suppellettile,arredo,mobile,mobilio,mobilia,articolo_d'_arredamento,pezzo_d'_arredamento,oggetto_materiale,oggetto_concreto"
685,L02_38,hypernyms - misc,shirt,,camicia
686,,,,clothes,vestiti
687,,,,garment,capo
688,,,,clothing,abbigliamento
689,,,,article_of_clothing,capo_d'_abbigliamento
690,,,,vesture,veste
691,,,,wear,indumento
692,,,,wearable,vestimento
693,,,,habiliment,vestiario
694,,,,consumer_goods,beni_di_consumo
695,,,,covering,copertura
696,,,,commodity,merce
697,,,,trade_good,prodotto_commerciale
698,,,,good,bene
699,,,,artifact,artefatto
700,,,,artefact,DUPLICATE_artefatto
701,,,,unit,unità
702,,,,object,oggetto
703,,,,physical_object,oggetto_fisico
704,,,,physical_entity,entità_fisica
705,,,,entity,entità
706,,,,,"capo_di_vestiario,cosa,prodotto,maglietta"
707,L02_39,hypernyms - misc,sidewalk,,marciapiede
708,,,,walk,passeggiata
709,,,,walkway,passaggio_pedonale
710,,,,paseo,viale
711,,,,path,percorso
712,,,,way,strada
713,,,,artifact,artefatto
714,,,,artefact,DUPLICATE_artefatto
715,,,,unit,unità
716,,,,object,oggetto
717,,,,physical_object,oggetto_fisico
718,,,,physical_entity,entità_fisica
719,,,,entity,entità
720,,,,,"area,zona,luogo,spazio"
721,L02_40,hypernyms - misc,skirt,,gonna
722,,,,clothes,vestiti
723,,,,garment,capo
724,,,,clothing,abbigliamento
725,,,,article_of_clothing,capo_d'_abbigliamento
726,,,,vesture,veste
727,,,,wear,indumento
728,,,,wearable,vestimento
729,,,,habiliment,vestiario
730,,,,consumer_goods,beni_di_consumo
731,,,,covering,copertura
732,,,,commodity,merce
733,,,,trade_good,prodotto_commerciale
734,,,,good,bene
735,,,,artifact,artefatto
736,,,,artefact,DUPLICATE_artefatto
737,,,,unit,unità
738,,,,object,oggetto
739,,,,physical_object,oggetto_fisico
740,,,,physical_entity,entità_fisica
741,,,,entity,entità
742,,,,,"gonnella,sottoveste,capo_di_vestiario,vestito,abito"
743,L02_41,hypernyms - misc,sofa,,divano
744,,,,furniture,mobili
745,,,,seat,seduta
746,,,,piece_of_furniture,elemento_d'_arredamento
747,,,,article_of_furniture,complemento_d'_arredo
748,,,,furnishing,arredamento
749,,,,artifact,artefatto
750,,,,artefact,DUPLICATE_artefatto
751,,,,unit,unità
752,,,,object,oggetto
753,,,,physical_object,oggetto_fisico
754,,,,physical_entity,entità_fisica
755,,,,entity,entità
756,,,,,"sofà,manufatto,suppellettile,arredo,mobile,mobilio,mobilia,articolo_d'_arredamento,pezzo_d'_arredamento,oggetto_materiale,oggetto_concreto"
757,L02_42,hypernyms - misc,stapler,,spillatrice
758,,,,device,strumento
759,,,,machine,macchina
760,,,,artifact,artefatto
761,,,,artefact,DUPLICATE_artefatto
762,,,,unit,unità
763,,,,object,oggetto
764,,,,physical_object,oggetto_fisico
765,,,,physical_entity,entità_fisica
766,,,,entity,entità
767,,,,,"cucitrice,pinzatrice,attrezzo,utansile,arnese"
768,L02_43,hypernyms - misc,sunscreen,,protezione_solare
769,,,,cream,crema
770,,,,lotion,lozione
771,,,,ointment,unguento
772,,,,emollient,emolliente
773,,,,toiletry,toeletta
774,,,,toilet_articles,articolo_da_bagno
775,,,,artifact,artefatto
776,,,,artefact,DUPLICATE_artefatto
777,,,,unit,unità
778,,,,object,oggetto
779,,,,physical_object,oggetto_fisico
780,,,,physical_entity,entità_fisica
781,,,,entity,entità
782,,,,,"fluido,cosmetico,muillage"
783,L02_44,hypernyms - misc,sweater,,maglione
784,,,,clothes,vestiti
785,,,,garment,capo
786,,,,clothing,abbigliamento
787,,,,article_of_clothing,capo_d'_abbigliamento
788,,,,vesture,veste
789,,,,wear,indumento
790,,,,wearable,vestimento
791,,,,habiliment,vestiario
792,,,,consumer_goods,beni_di_consumo
793,,,,covering,copertura
794,,,,commodity,merce
795,,,,trade_good,prodotto_commerciale
796,,,,good,bene
797,,,,artifact,artefatto
798,,,,artefact,DUPLICATE_artefatto
799,,,,unit,unità
800,,,,object,oggetto
801,,,,physical_object,oggetto_fisico
802,,,,physical_entity,entità_fisica
803,,,,entity,entità
805,,,,,"capo_di_vestiario,cosa,prodotto,maglietta"
806,L02_45,hypernyms - misc,toaster,,tostapane
807,,,,appliance,apparecchio
808,,,,entity,entità
809,,,,unit,unità
810,,,,object,oggetto
811,,,,physical_object,oggetto_fisico
812,,,,kitchen_appliance,elettrodomestico_da_cucina
813,,,,home_appliance,elettrodomestico
814,,,,household_appliance,DUPLICATE_elettrodomestico
815,,,,durables,beni_durevoli
816,,,,durable_goods,DUPLICATE_beni_durevoli
817,,,,consumer_durables,beni_di_consumo_durevoli
818,,,,consumer_goods,beni_di_consumo
819,,,,commodity,merce
820,,,,trade_good,prodotto_commerciale
821,,,,good,bene
822,,,,artifact,artefatto
823,,,,artefact,DUPLICATE_artefatto
824,,,,physical_entity,DUPLICATE_entità_fisica
825,,,,,"tostatrice,prodotto,congegno,meccanismo,manufatto,mercanzia,suppellettile,apparecchio_elettrico,dispositivo"
826,L02_46,hypernyms - misc,toothbrush,,spazzolino_da_denti
827,,,,brush,spazzola
828,,,,toiletry,toeletta
829,,,,toilet_articles,articolo_da_bagno
830,,,,implement,strumento
831,,,,artifact,artefatto
832,,,,artefact,DUPLICATE_artefatto
833,,,,unit,unità
834,,,,object,oggetto
835,,,,physical_object,oggetto_fisico
836,,,,physical_entity,entità_fisica
837,,,,entity,entità
838,,,,mustache,baffo
839,,,,moustache,DUPLICATE_baffo
840,,,,facial_hair,barba
841,,,,hair,peli
842,,,,body_covering,NO_TRANSLATION
843,,,,covering,copertura
844,,,,natural_covering,copertura_naturale
845,,,,cover,DUPLICATE_copertura
846,,,,natural_object,oggetto_naturale
847,,,,,"attrezzo,utensile,arnese,prodotto,bene_di_consumo,igiene,igiene_personale,casalinghi"
848,L02_47,hypernyms - misc,tub,,vasca
849,,,,container,contenitore
850,,,,vessel,recipiente
851,,,,artifact,artefatto
852,,,,artefact,DUPLICATE_artefatto
853,,,,unit,unità
854,,,,object,oggetto
855,,,,physical_object,oggetto_fisico
856,,,,physical_entity,entità_fisica
857,,,,entity,entità
858,,,,,"prodotto,vasca_da_bagno"
859,L02_48,hypernyms - misc,tv,,televisione
860,,,,device,apparecchio
861,,,,machine,macchina
862,,,,receiver,ricevitore
863,,,,receiving_system,sistema_di_ricezione
864,,,,set,scena
865,,,,electronic_equipment,apparecchiatura_elettronica
866,,,,equipment,apparecchiatura
867,,,,artifact,artefatto
868,,,,artefact,DUPLICATE_artefatto
869,,,,unit,unità
870,,,,object,oggetto
871,,,,physical_object,oggetto_fisico
872,,,,physical_entity,entità_fisica
873,,,,entity,entità
874,,,,broadcasting,trasmissione
875,,,,telecommunication,telecomunicazione
876,,,,telecom,DUPLICATE_telecomunicazione
877,,,,medium,mezzo
878,,,,,"dispositivo,ricevente,set,radiodiffusione,tivù,meccanismo,congegno,strumento,tv,televisiore"
879,L02_49,hypernyms - misc,vase,,vaso
880,,,,jar,barattolo
881,,,,vessel,recipiente
882,,,,container,contenitore
883,,,,artifact,artefatto
884,,,,artefact,DUPLICATE_artefatto
885,,,,unit,unità
886,,,,object,oggetto
887,,,,physical_object,oggetto_fisico
888,,,,physical_entity,entità_fisica
889,,,,entity,entità
890,,,,,"vasellame,porcellana,prodotto,manufatto"
891,L02_50,hypernyms - misc,wristband,,polsino
892,,,,band,cinturino
893,,,,strip,fascia
894,,,,slip,NO_TRANSLATION
895,,,,artifact,artefatto
896,,,,artefact,DUPLICATE_artefatto
897,,,,unit,unità
898,,,,object,oggetto
899,,,,physical_object,oggetto_fisico
900,,,,physical_entity,entità_fisica
901,,,,entity,entità
902,,,,,"banda,lista,nastro,cosa,bracciale,braccialetto,prodotto,manufatto,vestiario,accessorio"
