,ID,Relation,Source,Target,IT
0,L03_1,hyponyms - misc,backpack,,zaino
1,,,,daypack,zainetto
2,,,,kitbag,kit
3,,,,kit_bag,DUPLICATE_kit
4,,,,,bisaccia
5,L03_2,hyponyms - misc,bag,,borsa
6,,,,pouch,sacchetto
7,,,,backpack,zaino
8,,,,knapsack,bisaccia
9,,,,packsack,sacca
10,,,,rucksack,sacco_da_montagna
11,,,,haversack,DUPLICATE_bisaccia
12,,,,beanbag,pouf
13,,,,bladder,sacca_per_le_urine
14,,,,carryall,borsone
15,,,,holdall,portatutto
16,,,,tote,borsa_tote
17,,,,drawstring,sacca_con_coulisse
18,,,,dust,sacchetto_antipolvere
19,,,,vacuum,sacchetto_sottovuoto
20,,,,envelope,busta
21,,,,gasbag,sacca_da_benzina
22,,,,gamebag,carniere
23,,,,golf,sacca_da_golf
24,,,,gunnysack,sacco_di_iuta
25,,,,gunny,DUPLICATE_sacco_di_iuta
26,,,,burlap,borsa_di_iuta
27,,,,ice,borsa_del_ghiaccio
28,,,,mailbag,sacco_postale
29,,,,postbag,sacco_della_posta
30,,,,nosebag,borsa_per_fieno
31,,,,feedbag,borsa_per_mangime
32,,,,pannier,DUPLICATE_bisaccia
33,,,,plastic,busta_di_plastica
34,,,,purse,borsetta
35,,,,ragbag,sacco_di_avanzi_di_stoffa
36,,,,rosin,sacchetto_di_solofonia
37,,,,sachet,bustina
38,,,,sack,DUPLICATE_sacca
39,,,,poke,sacchetto_di_stoffa
40,,,,paper,busta_di_carta
41,,,,carrier,shopper
42,,,,saddlebag,DUPLICATE_bisaccia
43,,,,sandbag,borsa_zavorrata
44,,,,schoolbag,cartella
45,,,,shopping,borsa_della_spesa
46,,,,sick_bag,sacchetto_per_il_vomito
47,,,,sickbag,DUPLICATE_sacchetto_per_il_vomito
48,,,,skin,borsa_di_pelle
49,,,,sleeping,sacco_a_pelo
50,,,,sweat,borsa_da_palestra
51,,,,tea,bustina_di_té
52,,,,toilet,beauty_case
53,,,,sponge,necessaire
54,,,,tool,borsa_degli_attrezzi
55,,,,tucker-bag,borsa_portavivande
56,,,,,"gerla,bauletto,borsa_da_toletta,marsupio,sacca_per_mangime,sacca_di_faggioli,sacca_da_viaggio,borsa_da_marinaio,sacca_da_palestra,borsa_a_stringhe,"
57,L03_3,hyponyms - misc,bed,,letto
58,,,,bunk,letto_a_castello
59,,,,berth,cuccetta
60,,,,built,letto_su_misura
61,,,,built-in,letto_da_incasso
62,,,,cot,lettino
63,,,,camp,letto_da_viaggio
64,,,,couch,divano_letto
65,,,,deathbed,capezzale
66,,,,double,letto_a_due_piazze
67,,,,four-poster,letto_a_baldacchino
68,,,,hammock,amaca
69,,,,sack,letto_a_sacco
70,,,,marriage_bed,letto_matrimoniale
71,,,,murphy,letto_a_scomparsa
72,,,,plank-bed,letto_a_doghe
73,,,,platform,letto_a_piattaforma
74,,,,sickbed,DUPLICATE_capezzale
75,,,,single_bed,letto_singolo
76,,,,sleigh,letto_con_pediera
77,,,,trundle,letto_estraibile
78,,,,truckle,DUPLICATE_letto_estraibile
79,,,,twin,letti_gemelli
80,,,,water,letto_ad_acqua
81,,,,semi-double,letto_da_una_piazza_e_mezzo
82,,,,semidouble,DUPLICATE_letto_da_una_piazza_e_mezzo
83,,,,,"letto_alla_francese,letto_king_size,letto_queen_size,letto_contenitore,poltrona_letto,culla,letto_pieghevole,brandina,letto_a_sommier,letto_d'_ospedale,futon,lettino_da_viaggio"
84,L03_4,hyponyms - misc,boat,,imbarcazione
85,,,,ferry,traghetto
86,,,,ark,arca
87,,,,barge,chiatta
88,,,,flatboat,barca_a_fondo_piatto
89,,,,hoy,veliero
90,,,,lighter,nave_cargo_fluviale
91,,,,bumboat,gommone
92,,,,canal_boat,battello
93,,,,narrow_boat,barca_stretta
94,,,,narrowboat,DUPLICATE_barca_stretta
95,,,,ferryboat,DUPLICATE_traghetto
96,,,,fireboat,piroscafo
97,,,,gondola,gondola
98,,,,guard_boat,nave_vedetta
99,,,,gunboat,catamarano
100,,,,junk,giunca
101,,,,longboat,galea
102,,,,lugger,scialuppa
103,,,,mackinaw,barca_a_vela
104,,,,mailboat,battello_postale
105,,,,mail,DUPLICATE_battello_postale
106,,,,packet,battello_a_pacchetto
107,,,,motorboat,barca_a_motore
108,,,,powerboat,motoscafo
109,,,,pilot,pilotina
110,,,,police,pattugliatore
111,,,,punt,barca_punt
112,,,,river_boat,battello_fluviale
113,,,,scow,DUPLICATE_barca_a_motore
114,,,,sea_boat,nave
115,,,,small_boat,barchetta
116,,,,steamboat,vaporetto
117,,,,surfboat,barca_da_francente
118,,,,tender_boat,barca_tender
119,,,,pinnace,DUPLICATE_scialuppa
120,,,,cutter_boat,DUPLICATE_barca_a_vela
121,,,,tugboat,nave_da_rimorchio
122,,,,tug,DUPLICATE_nave_da_rimorchio
123,,,,towboat,rimorchiatore
124,,,,tower_boat,barca_a_torre
125,,,,yacht,yacht
126,,,,sail,DUPLICATE_barca_a_vela
127,,,,row,barca_a_remi
128,,,,canoe,canoa
129,,,,kayak,kayak
130,,,,paddle,pedalò
131,,,,paddle_boat,DUPLICATE_pedalò
132,,,,,"barca,barca_lunga,barca_vichinga,galea_fenicia,battello_a_vapore,barca_della_polizia,sandalo,paranza,gozzo,tartana,motobarca,bissona,beccaccino,bilancella,corallina,lampara,palischermo,peschereccio,motopeschereccio,guscio,finn,canotto,burichiello,bragozzo,snipe"
133,L03_5,hyponyms - misc,book,,libro
134,,,,paperback,libro_in_brossura
135,,,,album,album
136,,,,folio,in_folio
137,,,,hardback,libro_con_copertina_rigida
138,,,,hardcover,DUPLICATE_libro_con_copertina_rigida
139,,,,journal,diario
140,,,,novel,romanzo
141,,,,order,libro_degli_ordini
142,,,,paper-back,libro_tascabile
143,,,,softback,libro_con_copertina_flessibile
144,,,,soft-cover,DUPLICATE_libro_con_copertina_flessibile
145,,,,picture,libro_illustrato
146,,,,sketchbook,album_da_disegno
147,,,,sketch,DUPLICATE_album_da_disegno
148,,,,notebook,quaderno
149,,,,,"libretto,tamanoscritto,rivista,giornale,ricettario,libro_di_lettura,libro_di_testo,libro_strenna,manuale,quaderno_degli_appunti"
150,L03_6,hyponyms - misc,brush,,spazzola
151,,,,toothbrush,spazzolino
152,,,,bottlebrush,scovolino
153,,,,bristle,spazzola_a_setole
154,,,,clothesbrush,spazzola_per_gli_abiti
155,,,,hairbrush,spazzola_per_capelli
156,,,,nailbrush,spazzolino_da_unghie
157,,,,paintbrush,pennello
158,,,,sable,pennello_di_zibellino
159,,,,scrub,spazzolone
160,,,,scrubbing,DUPLICATE_spazzolone
161,,,,scrubber,DUPLICATE_spazzolone
162,,,,shaving_brush,pennello_da_barba
163,,,,,"scovolo,striglia,brusca"
164,L03_7,hyponyms - misc,burger,,panino
165,,,,hamburger,hamburger
166,,,,cheeseburger,cheeseburger
167,,,,50,NO_TRANSLATION
168,,,,50_burger,DUPLICATE_NO_TRANSLATION
169,,,,angus_burger,angus_burger
170,,,,banquet_burger,DUPLICATE_NO_TRANSLATION
171,,,,barbecue_burger,hamburger_alla_griglia
172,,,,bøfsandwich,bøfsandwich
173,,,,utter_burge,DUPLICATE_NO_TRANSLATION
174,,,,buffalo_burger,hamburger_di_bufalo
175,,,,california_burger,DUPLICATE_NO_TRANSLATION
176,,,,chili_burger,chili_burger
177,,,,curry_burger,curry_burger
178,,,,hamdog,hamdog
179,,,,salmon_burger,hamburger_di_salmone
180,,,,rice_burger,hamburger_di_riso
181,,,,veggie_burger,hamburger_vegetariano
182,,,,,"hamburger_al_piatto,hamburger_di_pollo,hamburger_vegano,tenerone"
183,L03_8,hyponyms - misc,camera,,macchina_fotografica
184,,,,camcorder,videocamera
185,,,,box_camera,fotocamera_a_cassetta
186,,,,box_kodak,macchina_kodak
187,,,,candid_camera,candid_camera
188,,,,digital_camera,camera_digitale
189,,,,flash_camera,fotocamera_con_camera
190,,,,motion-picture_camera,macchina_da_presa
191,,,,movie_camera,cinecamera
192,,,,cine-camera,cinepresa
193,,,,point-and-shoot_camera,fotocamera_analogica
194,,,,point-and-shoot,fotocamera_compatta
195,,,,polaroid_camera,fotocamera_polaroid
196,,,,polaroid_land_camera,fotocamera_terrestra_polaroid
197,,,,polaroid,polaroid
198,,,,portrait_camera,fotocamera_per_ritratti
199,,,,reflex_camera,fotocamera_reflex
200,,,,webcam,webcam
201,,,,webcamera,telecamera_web
202,,,,sound_camera,telecamera_acustica
203,,,,,"fotocamera_mirrorless,fotocamera_bridge,videocamera_sportiva"
204,L03_9,hyponyms - misc,candy,,dolcetto
205,,,,lollipop,lecca-lecca
206,,,,candy_bar,barretta_di_cioccolato
207,,,,carob_bar,barretta_di_carruba
208,,,,hard_candy,caramella
209,,,,brandyball,sfere_al_cacao_e_brandy
210,,,,patty,tortino
211,,,,bonbon,bonbon
212,,,,brittle,croccante
213,,,,toffee,toffee
214,,,,toffy,mou
215,,,,butterscotch,butterscotch
216,,,,candy_cane,bastoncino_di_zucchero
217,,,,candy_corn,candy_corn
218,,,,caramel,caramello
219,,,,cotton_candy,zucchero_filato
220,,,,spun_sugar,fili_di_caramello
221,,,,candyfloss,DUPLICATE_zucchero_filato
222,,,,dragee,confetto
223,,,,fondant,zucchero_fondente
224,,,,fudge,fudge
225,,,,gumdrop,giuggiola
226,,,,honey_crisp,mela_caramellata
227,,,,mint,caramella_a_menta
228,,,,mint_candy,DUPLICATE_caramella_a_menta
229,,,,horehound,caramelle_balsamiche
230,,,,jelly_bean,caramelle_di_gelatina
231,,,,jelly_egg,DUPLICATE_caramelle_di_gelatina
232,,,,kiss,caramelle_gommose_kiss
233,,,,candy_kiss,DUPLICATE_caramelle_gommose_kiss
234,,,,licorice,liquirizia
235,,,,liquorice,DUPLICATE_liquirizia
236,,,,life_saver,life_saver
237,,,,sucker,DUPLICATE_lecca-lecca
238,,,,all-day_sucker,DUPLICATE_lecca-lecca
239,,,,lozenge,caramelle_al_propoli
240,,,,marshmallow,marshmallow
241,,,,marzipan,marzapane
242,,,,marchpane,DUPLICATE_marzapane
243,,,,nougat,mandorlato
244,,,,nougat_bar,torrone
245,,,,nut_bar,barrette_energetiche
246,,,,peanut_bar,barretta_di_arachidi
247,,,,popcorn_ball,palline_di_popcorn
248,,,,praline,pralina
249,,,,rock_candy,cristalli_di_zucchero
250,,,,rock,DUPLICATE_cristalli_di_zucchero
251,,,,sugar_candy,zucchero_candito
252,,,,sugarplum,prugna_di_zucchero
253,,,,taffy,caramella_morbida
254,,,,truffle,tartufo
255,,,,chocolate_truffle,tartufo_al_cioccolato
256,,,,turkish_delight,lokum
257,,,,easter_egg,uovo_di_pasqua
258,,,,,"pasta_di_zucchero,zollette_di_zucchero,orsetti_gommosi,caramelle_all'_orzo,caramella_a_cocacola,caramella_rossana,caramella_alla_frutta,barretta_proteica,rotelle_di_liquirizia,caramella_mou,galatine,caramella_frizzante"
259,L03_10,hyponyms - misc,car,,automobile
260,,,,limousine,limousine
261,,,,convertible,decappottabile
262,,,,ambulance,ambulanza
263,,,,beach,spiaggina
264,,,,wagon,station_wagon
265,,,,station,DUPLICATE_station_wagon
266,,,,estate,DUPLICATE_station_wagon
267,,,,waggon,DUPLICATE_station_wagon
268,,,,bus,autobus
269,,,,jalopy,rottame
270,,,,heap,DUPLICATE_rottame
271,,,,cab,taxi
272,,,,hack,auto_a_noleggio
273,,,,taxi,DUPLICATE_taxi
274,,,,taxicab,DUPLICATE_taxi
275,,,,compact,auto_compatta
276,,,,coupe,auto_coupé
277,,,,cruiser,cruiser
278,,,,police,volante_della_polizia
279,,,,patrol,auto_pattuglia
280,,,,prowl,gazzella_della_polizia
281,,,,squad,auto_a_pannelli_solari
282,,,,electric,auto_elettrica
283,,,,hardtop,auto_a_tetto_rigido
284,,,,hatchback,hatchback
285,,,,hot-rod,macchina_hot-rod
286,,,,jeep,jeep
287,,,,landrover,landrover
288,,,,limo,DUPLICATE_limousine
289,,,,loaner,auto_in_prestito
290,,,,minicar,mini_auto
291,,,,minivan,minivan
292,,,,model,modellino
293,,,,pace,safety_car
294,,,,racer,macchina_da_corsa
295,,,,race,auto_da_corsa
296,,,,racing,auto_da_competizione
297,,,,roadster,roadster
298,,,,runabout,runabout
299,,,,two-seater,macchina_a_due_posti
300,,,,sedan,berlina
301,,,,saloon,DUPLICATE_berlina
302,,,,sports,auto_sportiva
303,,,,sport,DUPLICATE_auto_sportiva
304,,,,suv,suv
305,,,,stanley,macchina_stanley
306,,,,steamer,auto_a_vapore
307,,,,stock,auto_di_serie
308,,,,subcompact,auto_utilitaria
309,,,,touring,pullman
310,,,,tourer,turismo
311,,,,used,auto_usata
312,,,,secondhand,auto_di_seconda_mano
313,,,,,"familiare,giardinetta,monovolume,automobile_di_serie,cabrio,cabriolet,defender,auto-carro,camion,fuoristrada,macchina_di_sicurezza,microcar,macchinetta,macchina_cinquanta,monoposto"
314,L03_11,hyponyms - misc,church,,chiesa
315,,,,chapel,cappella
316,,,,abbey,abbazia
317,,,,basilica,basilica
318,,,,cathedral,cattedrale
319,,,,duomo,duomo
320,,,,kirk,chiesa_di_scozia
322,L03_12,hyponyms - misc,citrus,,agrume
323,,,,lemon,limone
324,,,,orange,arancia
325,,,,lime,lime
326,,,,mandarin,mandarino
327,,,,tangerine,clementina
328,,,,yuzu,yuzu
329,,,,,"pompelmo,mandarancio"
330,L03_13,hyponyms - misc,cloud,,nuvola
331,,,,thundercloud,nuvola_temporalesca
332,,,,cirrocumulus,cirrocumulo
333,,,,cirrostratus,cirrostrato
334,,,,cirrus,cirro
335,,,,contrail,scia_di_condensazione
336,,,,condensation,DUPLICATE_scia_di_condensazione
337,,,,trail,scia_di_vapore
338,,,,cumulonimbus,cumulonembo
339,,,,cumulus,cumulo
340,,,,nacreous,nube_madreperlacea
341,,,,nebule,nuvoletta
342,,,,nimbus,nembo
343,,,,rain,nuvola_di_pioggia
344,,,,storm,nembostrato
345,,,,stratus,strato
346,,,,mushroom,fungo_atomico
347,,,,smoke,nuvola_di_fumo
348,,,,,"nuvola_stratiforme,nuvole_stratosferiche_polari,nuvoletta,nube"
349,L03_14,hyponyms - misc,collar,,collare
350,,,,choker,girocollo
351,,,,ruff,gorgiera
352,,,,ruffle,goletta
353,,,,clerical,collarino
354,,,,roman_collar,DUPLICATE_collarino
355,,,,dog_collar,collare_per_cani
356,,,,eton_collar,colletto_eton_collar
357,,,,rabato_collar,DUPLUCATE_gorgiera
358,,,,rebato_collar,DUPLICATE_DUPLUCATE_gorgiera
359,,,,turtleneck,collo_alto
360,,,,polo-neck,DUPLICATE_collo_alto
361,,,,neckpiece,collo
362,,,,,"colletto_a_balze,solino,bavero,collarino_da_prete,colletto_bianco,colletto_inamidato,colletto_alla_collegiale,colletto_alla_marinara"
363,L03_15,hyponyms - misc,color,,colore
364,,,,white,bianco
365,,,,black,nero
366,,,,blue,blu
367,,,,green,verde
368,,,,red,rosso
369,,,,yello,giallo
370,,,,orange,arancione
371,,,,vermilion,vermiglio
372,,,,amber,ambra
373,,,,chartreuse,giallo_chartreuse
374,,,,teal,verde_acqua
375,,,,violet,viola
376,,,,magenta,magenta
377,,,,rose,rosa
378,,,,azure,azzurro
379,,,,cyan,blu_ciano
380,,,,indigo,indaco
381,,,,purple,porpora
382,,,,brown,marrone
384,,,,,turchese
385,L03_16,hyponyms - misc,computer,,computer
386,,,,laptop,computer_portatile
387,,,,desktop,desktop
388,,,,tablet,tablet
389,,,,smartphone,smartphone
390,,,,supercomputer,supercomputer
391,,,,iphone,iphone
392,,,,ipad,ipad
393,,,,,"monitor,pc,laptop"
394,L03_17,hyponyms - misc,container,,contenitore
395,,,,bag,borsa
396,,,,handbag,borsello
397,,,,pocketbook,portafoglio
398,,,,purse,borsetta
399,,,,basket,cestino
400,,,,handbasket,paniere
401,,,,bin,bidone
402,,,,bowl,ciotola
403,,,,pipe,tubo
404,,,,box,scatola
405,,,,bread-bin,portapane
406,,,,breadbox,DUPLICATE_paniere
407,,,,bunker,bunker
408,,,,can,barattolo
409,,,,tin,lattina
410,,,,canister,tanica
411,,,,cannister,tanca
412,,,,capsule,capsula
413,,,,cargo,container_di_spedizione
414,,,,case,astuccio
415,,,,display,schermo
416,,,,showcase,espositore
417,,,,vitrine,vetrina
418,,,,cassette,cassetta
419,,,,cup,tazza
420,,,,cylinder,contenitore_cilindrico
421,,,,dice,bussolotto
422,,,,dish,piattaia
423,,,,dispenser,dosatore
424,,,,drawer,pattumiera
425,,,,dumpster,cassoncino
426,,,,empty,contenitore_vuoto
427,,,,envelope,involucro
428,,,,glass,contenitore_di_vetro
429,,,,bottle,bottiglia
430,,,,mailer,pacco_postale
431,,,,manger,mangiatoia
432,,,,trough,trogolo
433,,,,measure,contenitore_graduato
434,,,,mold,stampo
435,,,,mould,DUPLICATE_stampo
436,,,,cast,evaporatore
437,,,,package,contenitore_per_pacchi
438,,,,parcel,vaschette_per_alimenti
439,,,,pan,recipiente_da_cucina
440,,,,pod,set_di_contenitori
441,,,,pot,vaso_da_fiori
442,,,,flowerpot,fioriera
443,,,,flask,borraccia
444,,,,receptacle,ricettacolo
445,,,,reliquary,reliquiario
446,,,,saltcellar,saliera
447,,,,savings,salvadanaio
448,,,,bank,banca
449,,,,coin,DUPLICATE_salvadanaio
450,,,,money,DUPLICATE_salvadanaio
451,,,,scuttle,cesta
452,,,,coal,carboniera
453,,,,shaker,shaker
454,,,,spoon,porta_cucchiai
455,,,,thimble,organizer_da_scrivania
456,,,,vessel,recipiente
457,,,,waste-paper,contenitore_per_la_carta
458,,,,wastebasket,cesto_dell'_immondizia
459,,,,waste,bidone_della_spazzatura
460,,,,file,portadocumenti
461,,,,workbasket,cestino_da_cucito
462,,,,workbox,magazzino
463,,,,workbag,borsa_da_lavoro
464,,,,,"dispenser,canister,tinozza,bacinella,mastello,barile,bacile,beriolo,gassometro,misurino,caldaia,conca,fiasco,fusto,giara,lattiera,lavacro,formaggiera,cista,catino,caraffa,calamaio,bombola,bollitore,beuta,cassone,damigiana,insalatiera,zuppiera,zuccheriera,vasca,tino,teiera,sacca,salsiera,pila,pepaiola,pesciaiola,serbatoio,sifone,oliatore,otre,carbonaia"
465,L03_18,hyponyms - misc,cookware,,pentolame
466,,,,pot,pentola
467,,,,baster,pipetta_contagocce
468,,,,chafing,scaldavivande
469,,,,dish,piatto
470,,,,cooker,piano_cottura
471,,,,sheet,teglia
472,,,,tray,vassoio
473,,,,enamelware,pentola_smaltata
474,,,,grid,griglia
475,,,,gridiron,graticola
476,,,,griddle,piastra
477,,,,pan,padella
478,,,,poacher,pentolino
479,,,,skimmer,schiumarola
480,,,,steamer,pentola_a_vapore
481,,,,turner,spatola
482,,,,,"stoviglie,schiumaiola,wok,pentola_a_pressione,siringa_dosatrice,bollilatte,pentola_antiaderente,bollitore,padellino,tegame,pirottino"
483,L03_19,hyponyms - misc,cup,,tazza
484,,,,teacup,tazza_da_tè
485,,,,beaker,bicchiere
486,,,,chalice,calice
487,,,,goblet,coppa
488,,,,coffee_cup,tazzina_da_caffè
489,,,,dixie,NO_TRANSLATION
490,,,,paper_cup,bicchiere_di_carta
491,,,,grace,DUPLICATE_NO_TRANSLATION
492,,,,kylix,cylix
493,,,,cylix,DUPLICATE_cylix
494,,,,mustache_cup,tazza_coi_baffi
495,,,,moustache_cup,DUPLICATE_tazza_coi_baffi
496,,,,scyphus,skyphos
497,,,,grail,graal
498,,,,,"flute,tazzina,bicchierino,bicchiere_di_plastica"
499,L03_20,hyponyms - misc,cushion,,cuscino
500,,,,pincushion,puntaspilli
501,,,,pillow,guanciale
502,,,,air,cuscino_gonfiabile
503,,,,inflatable,cuscino_d'aria_gonfiabile
504,,,,gaddi,NO_TRANSLATION
505,,,,hassock,inginocchiatoio
506,,,,headrest,poggiatesta
507,,,,seat,sedile
508,,,,,"capezzale,tombolo,paracolpi,cuscinetto,origliere"
509,L03_21,hyponyms - misc,cutlery,,posate
510,,,,knife,coltello
511,,,,fork,forchetta
512,,,,spoon,cucchiaio
513,,,,tablefork,DUPLICATE_forchetta
514,,,,teaspoon,cucchiaino
515,,,,dessert_spoon,cucchiaio_da_dolce
516,,,,salad_fork,forchetta_da_insalata
517,,,,carving_fork,forchettone
518,,,,,forchettina
519,L03_22,hyponyms - misc,dessert,,dessert
520,,,,cake,torta
521,,,,ambrosia,ambrosia
522,,,,baked_alaska,omelette_norvegese
523,,,,blancmange,biancomangiare
524,,,,charlotte,charlotte
525,,,,compote,composta
526,,,,fruit_compote,composta_di_frutta
527,,,,dumpling,dumpling_dolce
528,,,,flan,flan
529,,,,frozen_dessert,dessert_surgelato
530,,,,junket,giuncata
531,,,,mold,stampo_per_dessert
532,,,,mould,DUPLICATE_stampo_per_dessert
533,,,,mousse,mousse
534,,,,pavlova,pavlova
535,,,,peach_melba,pesca_melba
536,,,,pudding,budino
537,,,,pud,DUPLICATE_budino
538,,,,syllabub,syllabub
539,,,,sillabub,sillabub
540,,,,tiramisu,tiramisu
541,,,,whip,NO_TRANSLATION
542,,,,zabaglione,zabaione
543,,,,sabayon,DUPLICATE_zabaione
544,,,,charlotte_russe,charlotte_russa
545,,,,apple_dumpling,fagottino_di_mele
546,,,,frozen_custard,frozen_yogurt
547,,,,soft_ice_cream,gelato_alla_spina
548,,,,frozen_pudding,budino_gelato
549,,,,frozen_yogurt,DUPLICATE_frozen_yogurt
550,,,,ice-cream_cake,torta_gelato
551,,,,icebox_cake,DUPLICATE_torta_gelato
552,,,,ice-cream_cone,cono_gelato
553,,,,ice-cream_sundae,gelato_sundae
554,,,,sundae,sundae
555,,,,ice,dessert_congelato
556,,,,frappe,frappé
557,,,,ice_cream,gelato
558,,,,icecream,DUPLICATE_gelato
559,,,,ice_lolly,ghiacciolo
560,,,,lolly,torta_di_lecca-lecca
561,,,,lollipop,lecca-lecca
562,,,,popsicle,DUPLICATE_ghiacciolo
563,,,,ice_milk,latte_freddo
564,,,,parfait,parfait
565,,,,sherbert,sorbetto
566,,,,sherbet,DUPLICATE_sorbetto
567,,,,snowball,biscotti_snowball
568,,,,split,banana_split
569,,,,chocolate_mousse,mousse_al_cioccolato
570,,,,trifle,zuppa_inglese
571,,,,brown_betty,crumble_di_mele
572,,,,chocolate_pudding,budino_al_cioccolato
573,,,,duff,girella_alla_frutta
574,,,,plum_duff,plum_duff
575,,,,flummery,farinata
576,,,,nesselrode,nesselrode
577,,,,nesselrode_pudding,budino_alle_castagne
578,,,,pease_pudding,porridge_di_piselli
579,,,,plum_pudding,christmas_pudding
580,,,,christmas_pudding,pudding_di_natale
581,,,,roly-poly,roly-poly
582,,,,roly-poly_pudding,DUPLICATE_roly-poly
583,,,,steamed_pudding,budino_al_vapore
584,,,,suet_pudding,budino_di_spugna
585,,,,tapioca_pudding,budino_di_tapioca
586,,,,vanilla_pudding,budino_alla_vaniglia
587,,,,prune_whip,DUPLICATE_NO_TRANSLATION
588,,,,water_ice,granita
589,,,,sorbet,DUPLICATE_sorbetto
590,,,,chocolate_ice_cream,gelato_a_cioccolato
591,,,,neapolitan_ice_cream,gelato_napoletano
592,,,,peach_ice_cream,gelato_a_pesca
593,,,,strawberry_ice_cream,gelato_a_fragola
594,,,,tutti-frutti,tutti-frutti
595,,,,vanilla_ice_cream,gelato_a_vaniglia
596,,,,banana_split,DUPLICATE_banana_split
597,,,,tipsy_cake,torta_birillo
598,,,,spotted_dick,spotted_dick
599,,,,choc-ice,dessert_freddo
600,,,,,"duff,baci_di_dama,via_col_vento,bigné,profiterole,risolatte,chicchirichì,maddalena,struffoli,cassata,meringata,tartufata,cannolo,chiacchiera,focaccia,meringa,panforte,semifreddo,diplomatico,pandoro,panettone,marzapane,plum-cake,strudel,pan_di_spagna,cornetto,crostata,pastiera,saint-honorè,sachertorte,babà,sanguinaccio,maritozzo,brutti_ma_buoni,cantucci,crema,castagnaccio,panna_montata,fiocco_di_neve"
601,L03_23,hyponyms - misc,dress,,abito
602,,,,gown,abito_da_sera
603,,,,caftan,caftano
604,,,,kaftan,caffettano
605,,,,chemise,vestito_stile_impero
606,,,,sack,abito_a_sacco
607,,,,shift,abito_a_trapezio
608,,,,coatdress,soprabito
609,,,,cocktail_dress,abito_da_cocktail
610,,,,sheath,tubino
611,,,,dirndl,dirndl
612,,,,jumper,abito_di_maglia
613,,,,pinafore,scamiciato
614,,,,pinny,DUPLICATE_scamiciato
615,,,,kirtle,kirtle
616,,,,morning,tight
617,,,,evening,vestito_da_sera
618,,,,muumuu,muumuu
619,,,,polonaise,robe_à_la_polonaise
620,,,,sari,sari
621,,,,saree,saree
622,,,,shirtdress,abito_chemisier
623,,,,strapless,abito_senza_spalline
624,,,,sundress,prendisole
625,,,,,"vestitino,tailleur,vestito,veste,divisa,tenuta,vestaglia,sottana,frac,miniabito,porpora,palandrana,chimono,décolté,spezzato,toilette,travestimento,tunica,camice,futa,giacca,tonaca,stola,sopravveste,abito_da_cerimonia,abito_di_gala"
626,L03_24,hyponyms - misc,drum,,tamburo
627,,,,tambourine,tamburello
628,,,,bass_drum,grancassa
629,,,,gran_casa,gran_cassa
630,,,,bongo,bongo
631,,,,bongo_drum,DUPLICATE_bongo
632,,,,snare_drum,tamburo_rullante
633,,,,snare,rullante
634,,,,side_drum,timpano
635,,,,tabor,DUPLICATE_tamburo
636,,,,tabour,DUPLICATE_tamburo
637,,,,tambour,DUPLICATE_tamburo
638,,,,tenor_drum,tamburo_tenore
639,,,,tom-tom,tom
640,,,,timbrel,DUPLICATE_timpano
641,,,,djembe,djembe
642,,,,doumbek,doumbek
643,,,,darbuka,darbuka
644,,,,,"congas,timbales,tamburina,tamburo_a_cornice,campanaccio,kong,chimes,maracas,bonghetti,percussioni"
645,L03_25,hyponyms - misc,emotion,,emozione
646,,,,anger,rabbia
647,,,,choler,collera
648,,,,ire,ira
649,,,,anxiety,ansia
650,,,,conditioned_emotional_response,risposta_emotiva_condizionata
651,,,,cer,rec
652,,,,conditioned_emotion,emozione_condizionata
653,,,,emotional_state,stato_emotivo
654,,,,spirit,spirito
655,,,,fear,paura
656,,,,fearfulness,atterrimento
657,,,,fright,spavento
658,,,,reverence,riverenza
659,,,,awe,soggezione
660,,,,veneration,venerazione
661,,,,hate,odio
662,,,,hatred,malumore
663,,,,joy,gioia
664,,,,joyousness,gioiosità
665,,,,joyfulness,allegria
666,,,,love,amore
667,,,,annoyance,fastidio
668,,,,chafe,logoramento
669,,,,vexation,vessazione
670,,,,bad_temper,brutto_carattere
671,,,,ill_temper,cattivo_umore
672,,,,dander,incavolatura
673,,,,hackles,stizza
674,,,,fury,furia
675,,,,rage,furore
676,,,,madness,follia
677,,,,huffiness,permalosità
678,,,,indignation,indignazione
679,,,,outrage,oltraggio
680,,,,infuriation,irritazione_violenta
681,,,,enragement,arrabbiatura
682,,,,umbrage,ombrosità
683,,,,offense,offesa
684,,,,offence,DUPLICATE_offesa
685,,,,angst,angoscia
686,,,,anxiousness,ansietà
687,,,,disquiet,assillo
688,,,,concern,cruccio
689,,,,care,cura
690,,,,discomfiture,sconforto
691,,,,discomposure,scontento
692,,,,disconcertion,sconcerto
693,,,,disconcertment,disorientamento
694,,,,edginess,irritabilità
695,,,,uneasiness,imbarazzo
696,,,,inquietude,inquietudine
697,,,,disquietude,tensione
698,,,,insecurity,insicurezza
699,,,,jitteriness,impazienza
700,,,,jumpiness,concitazione
701,,,,nervousness,nervosismo
702,,,,restiveness,irrequietezza
703,,,,scruple,scrupolo
704,,,,qualm,dubbio
705,,,,misgiving,remora
706,,,,sinking,depressione
707,,,,sinking_feeling,demoralizzazione
708,,,,worry,preoccupazione
709,,,,trouble,agitazione
710,,,,ecstasy,estasi
711,,,,rapture,rapimento
712,,,,transport,trasporto
713,,,,exaltation,esaltazione
714,,,,raptus,raptus
715,,,,embarrassment,impaccio
716,,,,gratification,gratificazione
717,,,,satisfaction,soddisfazione
718,,,,happiness,contentezza
719,,,,felicity,felicità
720,,,,state,stato_emozionale
721,,,,unhappiness,scontentezza
722,,,,alarm,allarme
723,,,,dismay,sbigottimento
724,,,,consternation,costernazione
725,,,,apprehension,apprensione
726,,,,apprehensiveness,afflizione
727,,,,dread,turbamento
728,,,,creeps,irrequietudine
729,,,,frisson,frenesia
730,,,,shiver,brivido
731,,,,chill,agghiacciamento
732,,,,quiver,fremito
733,,,,shudder,tremito
734,,,,thrill,ebbrezza
735,,,,tingle,intorpidimento
736,,,,horror,orrore
737,,,,hysteria,isteria
738,,,,intimidation,intimidazione
739,,,,panic,panico
740,,,,terror,terrore
741,,,,affright,DUPLICATE_spavento
742,,,,scare,DUPLICATE_timore
743,,,,panic_attack,attacco_di_panico
744,,,,stage_fright,panico_da_palcoscenico
745,,,,timidity,timidezza
746,,,,timidness,riservatezza
747,,,,timorousness,timorosità
748,,,,abhorrence,aborrimento
749,,,,abomination,abominio
750,,,,detestation,detestazione
751,,,,execration,esecrazione
752,,,,loathing,disgusto
753,,,,odium,livore
754,,,,despisal,disprezzo
755,,,,despising,disdegno
756,,,,hostility,ostilità
757,,,,enmity,inimicizia
758,,,,ill_will,astio
759,,,,malevolence,malevolenza
760,,,,malignity,malignità
761,,,,misanthropy,misantropia
762,,,,misogamy,misogamia
763,,,,misogyny,misoginia
764,,,,misogynism,misoginismo
765,,,,misology,misologia
766,,,,misoneism,misoneismo
767,,,,misopedia,misopedia
768,,,,murderousness,delittuosità
769,,,,elation,esultanza
770,,,,high_spirits,buon_umore
771,,,,lightness,leggerezza
772,,,,exhilaration,esilaramento
773,,,,excitement,eccitazione
774,,,,exuberance,esuberanza
775,,,,exultation,esultazione
776,,,,jubilance,giubilo
777,,,,jubilancy,festosità
778,,,,jubilation,giubilazione
779,,,,agape,agape
780,,,,agape_love,affetto
781,,,,amorousness,amorevolezza
782,,,,enamoredness,innamoramento
783,,,,ardor,ardore
784,,,,ardour,DUPLICATE_ardore
785,,,,benevolence,benevolenza
786,,,,devotion,devozione
787,,,,devotedness,DUPLICATE_devozione
788,,,,filial_love,amore_filiale
789,,,,heartstrings,sentimenti
790,,,,lovingness,affettuosità
791,,,,caring,premura
792,,,,loyalty,lealtà
793,,,,puppy_love,amore_giovanile
794,,,,calf_love,amore_adolescenziale
795,,,,crush,cotta
796,,,,infatuation,infatuazione
797,,,,worship,culto
798,,,,adoration,adorazione
799,,,,aggravation,aggravamento
800,,,,exasperation,esasperazione
801,,,,displeasure,dispiacere
802,,,,frustration,frustrazione
803,,,,harassment,molestia
804,,,,torment,tormento
805,,,,pique,picca
806,,,,temper,temperamento
807,,,,irritation,irritazione
808,,,,fit,convulsione
809,,,,tantrum,capriccio
810,,,,scene,scena
811,,,,conniption,scenata
812,,,,irascibility,irascibilità
813,,,,short_temper,iracondia
814,,,,spleen,bile
815,,,,quick_temper,DUPLICATE_irascibilità
816,,,,lividity,DUPLICATE_livore
817,,,,wrath,DUPLICATE_collera
818,,,,dudgeon,sospetto
819,,,,high_dudgeon,dubbio_angoscioso
820,,,,willies,pelle_d'_oca
821,,,,comfort,conforto
822,,,,quality_of_life,qualità_della_vita
823,,,,blessedness,benedizione
824,,,,beatitude,beatitudine
825,,,,beatification,beatificazione
826,,,,radiance,radiosità
827,,,,embitterment,inasprimento
828,,,,sadness,tristezza
829,,,,sorrow,sofferenza
830,,,,sorrowfulness,pena
831,,,,pall,presagio
832,,,,foreboding,prefigurazione
833,,,,premonition,premonizione
834,,,,presentiment,presentimento
835,,,,boding,precognizione
836,,,,gloom,tetragine
837,,,,gloominess,DUPLICATE_tetragine
838,,,,somberness,cupezza
839,,,,sombreness,DUPLICATE_cupezza
840,,,,suspense,suspense
841,,,,trepidation,trepidazione
842,,,,swivet,smarrimento
843,,,,cold_feet,ripensamento
844,,,,diffidence,diffidenza
845,,,,self-doubt,insicurezza_di_sé
846,,,,self-distrust,sfiducia_in_sé
847,,,,shyness,DUPLICATE_soggezione
848,,,,aggression,combattività
849,,,,aggressiveness,aggressività
850,,,,animosity,animosità
851,,,,animus,animo
852,,,,bad_blood,cattivo_sangue
853,,,,antagonism,antagonismo
854,,,,belligerence,belligeranza
855,,,,belligerency,bellicosità
856,,,,class_feeling,lealtà_di_classe
857,,,,resentment,risentimento
858,,,,bitterness,amarezza
859,,,,gall,fiele
860,,,,rancor,rancore
861,,,,rancour,DUPLICATE_rancore
862,,,,maleficence,maleficenza
863,,,,malice,malizia
864,,,,maliciousness,cativeria
865,,,,spite,ripicca
866,,,,spitefulness,rancura
867,,,,venom,acrimonia
868,,,,vindictiveness,vendicatività
869,,,,vengefulness,sete_di_vendetta
870,,,,misocainea,DUPLICATE_misoneismo
871,,,,euphoria,euforia
872,,,,euphory,DUPLICATE_euforia
873,,,,bang,esplosività
874,,,,boot,avviamento
875,,,,charge,carica
876,,,,rush,fretta
877,,,,flush,rossore
878,,,,kick,spinta
879,,,,intoxication,inebriamento
880,,,,titillation,titillamento
881,,,,triumph,trionfo
882,,,,beneficence,beneficenza
883,,,,warmheartedness,affabilità
884,,,,warmth,calore
885,,,,nirvana,nirvana
886,,,,enlightenment,illuminazione
887,,,,mourning,lutto
888,,,,bereavement,cordoglio
889,,,,poignance,complessità
890,,,,poignancy,pathos
891,,,,presage,sentore
892,,,,shadow,adombramento
893,,,,hesitance,esitazione
894,,,,hesitancy,DUPLICATE_esitazione
895,,,,unassertiveness,indecisione
896,,,,warpath,sul_piede_di_guerra
897,,,,envy,invidia
898,,,,enviousness,DUPLICATE_invidia
899,,,,grudge,acredine
900,,,,score,divisione_interiore
901,,,,grievance,malanimo
902,,,,heartburning,bruciore
903,,,,sulkiness,musoneria
904,,,,huffishness,infastidimento
905,,,,covetousness,cupidigia
906,,,,jealousy,gelosia
907,,,,green-eyed_monster,mostro_dagli_occhi_verdi
908,,,,penis_envy,invidia_del_pene
909,,,,,"complicità,classismo,connivenza,puntiglio,ripicca,esacerbazione,deterioramento,aggravio,giovane_amore,amore_materno,amore_fraterno,brio,vitalità,vivacità,amore_coniugale,amor_proprio,ossequio,rispetto,deferenza,dedizione,idolatria,affezione,attaccamento,dolcezza,sollecitudine,tenerezza,attenzione,riguardo,fervore,focosità,veemenza,alacrità,zelo,foga,impeto,sbandata,sbandamento,convito,simposio,convivio,convivialità,tripudio,gaiezza,allegrezza,calma,abulia,fiacchezza,libido,libidine,lussuria,ebollizione,effervescenza,smania,scioltezza,morbidezza,grazia,delicatezza,spontaneità,volubilità,frivolezza,sventatezza,superficialità,serenità,responsabilità,esultazione,criminalità,criminosità,neofobia,immobilismo,passatismo,omofobia,conservatorismo,sfiducia,ginecofobia,fallocrazia,maschilismoorsaggine,asocialità,selvatichezza,stizza,titubanza,ipermalimento,prenunzio,intuizione,ispirazione,folgorazione,idea,amabilità,cordialità,bonarietà,cortesia,gentilezza,umanità,titillazione,solleticamento,vellicamento,stimolazione,stuzzicamento,intossicazione,velenosità,pallore,vergogna,pudore,discolpa,adrenalina,urgenza,avvio,avanzamento,ruggine,perfidia,spregio,malignità,malvagità,sfacciatagine,conflitto,screzio,brutto_rapporto,reattività,ferocia,violenza,irruenza,veemenza,prepotenza,rimpianto,disorientamento,scombussolamento,sensazione,patimento,stento,travaglio,tribolazione,spasimo,strazio,male,struggimento,avvilimento,amarezza,malinconia,tetragine,dolore,solarità,godimento,appagamento,spensieratezza,comodità,benessere,consolazione,tranquillità,sollievo,agio,ristoro,solidarietà,sostegno,disagio,permalosità,incertezza,perplessità,riserva,titubanza,dilemma,complicità,connivenza,puntiglio,ripicca,esacerbazione,deterioramento,aggravio,bene,predilezione,attrazione,concupiscenza,desiderio,fiamma,voluttà,brama,bramosia,fame,fingordigia,giovane_amore,amore_materno,amore_fraterno,avversione,brio,vitalità,vivacità,amore_coniugale,amor_proprio,ossequio,rispetto,formicolio,affanno,delirio,deferenza,dedizione,idolatria,affezione,retrosia,soggezione,attaccamento,dolcezza,sollecitudine,tenerezza,attenzione,riguardo,fervore,focosità,veemenza,anatema,maledizione,abominazione,condanna,deplorazione,deprecazione,dispregio,riprovazione,abbattimento,avvilimento,desolazione,sconfortamenrto,sconsolatezza,biasimo,disistima,zelo,foga,impeto,sbandata,sbandamento,convito,simposio,convivio,convivialità,tripudio,gaiezza,allegrezza,calma,abulia,fiacchezza,libido,libidine,lussuria,ebollizione,effervescenza,smania,scioltezza,morbidezza,grazia,delicatezza,spontaneità,volubilità,frivolezza,sventatezza,superficialità,serenità,responsabilità,esultazione,criminalità,criminosità,neofobia,immobilismo,passatismo,omofobia,conservatorismo,sfiducia,ginecofobia,fallocrazia,maschilismo,infelicità,sgomento,mestizia,letizia,confusione,trasporto,inibizione,smania,eccitabilità,nervosità,scontento,pensiero,suscettibilità,ispidità,rudezza,ruvidezza,scontrosità,spigolosità,intrattabilitàcomplicità,connivenza,puntiglio,ripicca,esacerbazione,deterioramento,aggravio,giovane_amore,amore_materno,amore_fraterno,brio,vitalità,vivacità,amore_coniugale,amor_proprio,ossequio,rispetto,deferenza,dedizione,idolatria,affezione,attaccamento,dolcezza,sollecitudine,tenerezza,attenzione,riguardo,fervore,focosità,veemenza,alacrità,zelo,foga,impeto,sbandata,sbandamento,convito,simposio,convivio,convivialità,tripudio,gaiezza,allegrezza,calma,abulia,fiacchezza,libido,libidine,lussuria,ebollizione,effervescenza,smania,scioltezza,morbidezza,grazia,delicatezza,spontaneità,volubilità,frivolezza,sventatezza,superficialità,serenità,responsabilità,esultazione,criminalità,criminosità,neofobia,immobilismo,passatismo,omofobia,conservatorismo,sfiducia,ginecofobia,fallocrazia,maschilismo,complicità,connivenza,puntiglioripicca,esacerbazione,deterioramento,aggravio,giovane_amore,amore_materno,amore_fraterno,brio,vitalità,vivacità,amore_coniugale,amor_proprio,ossequio,rispetto,deferenza,dedizione,idolatria,affezione,attaccamento,dolcezza,sollecitudine,tenerezza,attenzione,riguardo,fervore,focosità,veemenza,alacrità,zelo,foga,impeto,sbandata,sbandamento,convito,simposio,convivio,convivialità,tripudio,gaiezza,allegrezza,calma,abulia,fiacchezza,libido,libidine,lussuria,ebollizione,effervescenza,smania,scioltezza,morbidezza,grazia,delicatezza,spontaneità,volubilità,frivolezza,sventatezza,superficialità,serenità,responsabilità,esultazione,criminalità,criminosità,neofobia,immobilismo,passatismo,omofobia,conservatorismo,sfiducia,ginecofobia,fallocrazia,maschilismo,complicità,connivenza,puntiglio_ripicca,esacerbazione,deterioramento,aggravio,giovane_amore,amore_materno,amore_fraterno,brio,vitalità,vivacità,amore_coniugale,amor_proprio,ossequio,rispetto,deferenza,dedizione,idolatria,affezione,attaccamento,dolcezza,sollecitudine,tenerezza,attenzione,riguardo,fervore,focosità,veemenza,alacrità,zelo,foga,impeto,sbandata,sbandamento,convito,simposio,convivio,convivialità,tripudio,gaiezza,allegrezza,calma,abulia,fiacchezza,libido,libidine,lussuria,ebollizione,effervescenza,smania,scioltezza,morbidezza,grazia,delicatezza,spontaneità,volubilità,frivolezza,sventatezza,superficialità,serenità,responsabilità,esultazione,criminalità,criminosità,neofobia,immobilismo,passatismo,omofobia,conservatorismo,sfiducia,ginecofobia,fallocrazia,maschilismo"
910,L03_26,hyponyms - misc,flask,,fiasca
911,,,,thermos,termos
912,,,,ampulla,ampolla
913,,,,canteen,fiasco
914,,,,erlenmeyer_flask,beuta
915,,,,hipflask,fiaschetta
916,,,,pocket_flask,borraccia_tascabile
917,,,,round-bottom_flask,pallone
918,,,,vacuum_flask,DUPLICATE_termos
919,,,,vacuum_bottle,DUPLICATE_termos
920,,,,dewar_flask,vaso_di_dewar
921,,,,dewar,dewar
922,,,,thermos_bottle,bottiglia_termica
923,,,,thermos_flask,borraccia_termica
924,,,,,"ghirba,borraccia,contenitore_sottovuoto,fischetta,bottiglia"
925,L03_27,hyponyms - misc,guitar,,strumento_a_corde
926,,,,ukulele,ukulele
927,,,,bass,basso
928,,,,bass_guitar,DUPLICATE_basso
929,,,,acoustic_guitar,chitarra_acustica
930,,,,cittern,cetra
931,,,,cithern,DUPLICATE_cetra
932,,,,cither,DUPLICATE_cetra
933,,,,citole,citola
934,,,,gittern,ghironda
935,,,,electric_guitar,chitarra_elettrica
936,,,,hawaiian,chitarra_hawaiana
937,,,,steel,steel_guitar
938,,,,uke,DUPLICATE_ukulele
939,,,,,"violino,violoncello,arpa,lira,mandola,mandolino,liuto,viola"
940,L03_28,hyponyms - misc,gun,,arma_da_fuoco
941,,,,rifle,fucile
942,,,,air,pistola_a_piombini
943,,,,airgun,DUPLICATE_pistola_a_piombini
944,,,,antiaircraft,arma_contraerea
945,,,,flak,cannone_contraereo
946,,,,flack,DUPLICATE_cannone_contraereo
947,,,,pom-pom,cannone_pom-pom
948,,,,ack-ack,contraerei
949,,,,breechloader,carro_armato
950,,,,cannon,cannone
951,,,,firearm,DUPLICATE_arma_da_fuoco
952,,,,piece,DUPLICATE_arma_da_fuoco
953,,,,small-arm,arma_di_piccolo_calibro
954,,,,gas,beretta
955,,,,minute,NO_TRANSLATION
956,,,,quaker,arma_quacchera
957,,,,set,arma_di_scena
958,,,,spring,fucile_a_molla
959,,,,whaling,arpione
960,,,,,"carabina,contraerei,schioppo,bazooka"
961,L03_29,hyponyms - misc,jewel,,pietra_preziosa
962,,,,diamond,diamante
963,,,,ruby,rubino
964,,,,pearl,perla
965,,,,emerald,smeraldo
966,,,,sapphire,zaffiro
967,,,,,topazio
968,L03_30,hyponyms - misc,jewelry,,gioiello
969,,,,bracelet,bracciale
970,,,,bead,perlina
971,,,,bijou,bijou
972,,,,bling,bling
973,,,,bling_bling,bling-bling
974,,,,bangle,bracciale_rigido
975,,,,clip,orecchini_a_clip
976,,,,cufflink,gemello
977,,,,earring,orecchino
978,,,,jewel,gioia
979,,,,gem,gemma
980,,,,precious_stone,pietra_preziosa
981,,,,necklace,collana
982,,,,pin,fermaglio
983,,,,ring,anello
984,,,,band,gioiello_a_banda
985,,,,tie_clip,fermacravatta
986,,,,bugle,perline_cannette
987,,,,anklet,cavigliera
988,,,,ankle_bracelet,DUPLICATE_cavigliera
989,,,,armilla,armilla
990,,,,pendant_earring,orecchini_pendenti
991,,,,drop_earring,DUPLICATE_orecchini_pendenti
992,,,,eardrop,orecchini_chandelier
993,,,,crown_jewel,gioielli_della_corona
994,,,,diamond,diamante
995,,,,emerald,smeraldo
996,,,,pearl,perla
997,,,,ruby,rubino
998,,,,sapphire,zaffiro
999,,,,solitaire,solitario
1000,,,,chain,catena
1001,,,,string,laccetto
1002,,,,strand,collana_intrecciata
1003,,,,choker,girocollo
1004,,,,collar,collare
1005,,,,dog_collar,collare_per_cani
1006,,,,neckband,collarina
1007,,,,brooch,spilla
1008,,,,broach,DUPLICATE_spilla
1009,,,,breastpin,spilla_da_cravatta
1010,,,,scatter_pin,spilletta
1011,,,,stickpin,DUPLICATE_spilla_da_cravatta
1012,,,,tie_tack,DUPLICATE_fermacravatta
1013,,,,tiepin,DUPLICATE_fermacravatta
1014,,,,scarfpin,DUPLICATE_spilla_da_cravatta
1015,,,,annulet,anellino
1016,,,,engagement_ring,anello_di_fidanzamento
1017,,,,mourning_ring,anello_da_lutto
1018,,,,ringlet,DUPLICATE_anellino
1019,,,,signet_ring,anello_con_sigillo
1020,,,,seal_ring,anello_a_sigillo
1021,,,,wedding_ring,fede_nuziale
1022,,,,wedding_band,anello_matrimoniale
1023,,,,ice,icy
1024,,,,sparkler,punto_luce
1025,,,,seed_pearl,perle_seme
1026,,,,sunburst,tarocchi_del_sole
1027,,,,,"diadema,bigiotteria,ciondolo,scarabeo,pendentif,cammeo,vezzo,monile,bracciale_schiava,brillante,orecchino_a_monachella,tiara,vezzo_di_perle,collana_di_perle,collieur,bracciale_manchette,ear_cuff,knuckle_ring,rivière,bracciale_tennis,trilogy"
1028,L03_31,hyponyms - misc,mixer,,mixer
1029,,,,blender,miscelatore
1030,,,,liquidizer,frullatore
1031,,,,liquidiser,DUPLICATE_frullatore
1032,,,,eggbeater,sbattiuova
1033,,,,eggwhisk,sbattitore
1034,,,,electric,fullatore_elettrico
1035,,,,whisk,frusta
1036,,,,,"tritatutto,impastatrice,minipiemer"
1037,L03_32,hyponyms - misc,month,,mese
1038,,,,january,gennaio
1039,,,,february,febbraio
1040,,,,march,marzo
1041,,,,april,aprile
1042,,,,may,maggio
1043,,,,june,giugno
1044,,,,july,luglio
1045,,,,august,agosto
1046,,,,september,settembre
1047,,,,october,ottobre
1048,,,,november,novembre
1049,,,,december,dicembre
1050,,,,jan,gen
1051,,,,feb,feb
1052,,,,mar,mar
1053,,,,apr,apr
1054,,,,jun,giu
1055,,,,jul,lug
1056,,,,aug,ago
1057,,,,sep,set
1058,,,,oct,ott
1059,,,,nov,nov
1060,,,,dec,dic
1062,L03_33,hyponyms - misc,oven,,forno
1063,,,,broiler,forno_a_vapore
1064,,,,dutch_oven,forno_olandese
1065,,,,gas_oven,forno_a_gas
1066,,,,rotisserie,girarrosto
1067,,,,tandoor,forno_tandoor
1068,,,,,"forno_ad_aria,forno_a_legna,forno_elettrico,microonde"
1069,L03_34,hyponyms - misc,painting,,pittura
1070,,,,watercolor,acquerello
1071,,,,abstraction,astrattismo
1072,,,,cityscape,paesaggio_urbano
1073,,,,daub,pittura_d'_azione
1074,,,,distemper,pittura_a_tempera
1075,,,,finger-painting,pittura_con_le_dita
1076,,,,icon,pittura_di_icone
1077,,,,ikon,DUPLICATE_pittura_di_icone
1078,,,,landscape,pittura_paesaggistica
1079,,,,miniature,miniatura
1080,,,,illumination,pittura_con_la_luce
1081,,,,monochrome,pittura_monocromatica
1082,,,,mural,pittura_murale
1083,,,,wall,murale
1084,,,,nude,nudo
1085,,,,nude_painting,nudo_artistico
1086,,,,oil,pittura_a_olio
1087,,,,pentimento,pentimento
1088,,,,sand,pittura_con_la_sabbia
1089,,,,seascape,paesaggio_marino
1090,,,,waterscape,paesaggio_acquatico
1091,,,,semi-abstraction,pittura_semi-astratta
1092,,,,still_life,natura_morta
1093,,,,tanka,dipinto_tangka
1094,,,,water-color,DUPLICATE_acquerello
1095,,,,watercolour,DUPLICATE_acquerello
1096,,,,water-colour,DUPLICATE_acquerello
1097,,,,fresco,affresco
1098,,,,graffitti,gaffiti
1099,,,,,"puntinismo,tavola,bozzetto,tela,kakemono,ritratto,veduta,prospettiva,polittico,tempera,guazzo,acquarello,pastello,body_painting"
1100,L03_35,hyponyms - misc,poem,,poesia
1101,,,,haiku,haiku
1102,,,,abecedarius,abecedario
1103,,,,alcaic,strofe_alcaica
1104,,,,alcaic_verse,DUPLICATE_strofe_alcaica
1105,,,,ballad,ballata
1106,,,,lay,lai
1107,,,,ballade,DUPLICATE_ballata
1108,,,,blank_verse,versi_sciolti
1109,,,,elegy,elegia
1110,,,,lament,lamento
1111,,,,epic_poem,poema_epico
1112,,,,heroic_poem,poema_eroico
1113,,,,epic,DUPLICATE_poema_epico
1114,,,,epos,DUPLICATE_poema_epico
1115,,,,free_verse,verso_libero
1116,,,,vers_libre,DUPLICATE_verso_libero
1117,,,,lyric,lirica
1118,,,,lyric_poem,poesia_lirica
1119,,,,rondeau,rondò
1120,,,,rondel,rondel
1121,,,,sonnet,sonetto
1122,,,,tanka,tanka
1123,,,,terza_rima,terzina_dantesca
1124,,,,verse,versetto
1125,,,,rhyme,rima
1126,,,,versicle,versicolo
1127,,,,,"canto,triolet,poema_eroicomico,filastrocca,lauda,epodo,ritmo,canzone,bucolica,palinodia,polimetro,cantica,cantico,canzonetta,carme,satira,giostra,inno,rapsodia,strambotto,epodo,ditirambo,ode,epigramma,serventese,ritmo"
1128,L03_36,hyponyms - misc,railway,,ferrovia
1129,,,,monorail,ferrovia_monorotaia
1130,,,,cable,funivia
1131,,,,funicular,ferrovia_funicolare
1132,,,,cog,ferrovia_a_cremagliera
1133,,,,rack,DUPLICATE_ferrovia_a_cremagliera
1134,,,,elevated,ferrovia_sopraelevata
1135,,,,el,DUPLICATE_ferrovia_sopraelevata
1136,,,,overhead,DUPLICATE_ferrovia_sopraelevata
1137,,,,metro,metro
1138,,,,tube,metrò
1139,,,,underground,metropolitana
1140,,,,subway,DUPLICATE_metropolitana
1141,,,,rail,binario
1142,,,,,"strada_ferrata,rotaia"
1143,L03_37,hyponyms - misc,season,,stagione
1144,,,,spring,primavera
1145,,,,harvest,raccolto
1146,,,,haying,fienagione
1147,,,,fall,autunno
1148,,,,autumn,DUPLICATE_autunno
1149,,,,springtime,DUPLICATE_primavera
1150,,,,summer,estate
1151,,,,summertime,DUPLICATE_estate
1152,,,,winter,inverno
1153,,,,wintertime,DUPLICATE_inverno
1154,,,,rainy,stagione_delle_piogge
1155,,,,dry,stagione_secca
1156,,,,growing,stagione_di_crescita
1157,,,,seedtime,semina
1158,,,,sheepshearing,stagione_della_tosatura
1159,,,,holiday,vacanza
1160,,,,high,alta_stagione
1161,,,,peak,DUPLICATE_alta_stagione
1162,,,,off-season,fuori_stagione
1163,,,,preseason,precampionato
1164,,,,baseball,stagione_di_baseball
1165,,,,basketball,stagione_di_basketball
1166,,,,exhibition,stagione_espositiva
1167,,,,concert,stagione_concertistica
1168,,,,fishing,stagione_di_pesca
1169,,,,football,stagione_di_calcio
1170,,,,hockey,stagione_di_hockey
1171,,,,hunting,stagione_di_caccia
1172,,,,social,stagione_sociale
1173,,,,theatrical,stagione_teatrale
1174,,,,whitsun,pentecoste
1175,,,,whitsuntide,pasquarosa
1176,,,,whitweek,DUPLICATE_pentecoste
1177,,,,,"stagione_della_semina,stagione_fredda,stagione_umida,verno,vere,bassa_stagione,stagione_piovosa,stagione_estiva,stagione_invernale,stagione_autunnale,stagione_primaverile"
1178,L03_38,hyponyms - misc,seat,,sedile
1179,,,,chair,sedia
1180,,,,bench,panchina
1181,,,,box,palco
1182,,,,ottoman,ottomana
1183,,,,pouf,pouf
1184,,,,pouffe,DUPLICATE_pouf
1185,,,,puff,DUPLICATE_pouf
1186,,,,hassock,inginocchiatoio
1187,,,,sofa,sofà
1188,,,,couch,divano
1189,,,,lounge,panca
1190,,,,stool,sgabello
1191,,,,toilet,tavoletta_del_water
1192,,,,,"palco_di_prospetto,appoggiapiedi,suppedaneo,sediolino,seggiolino,seggio,seduta"
1193,L03_39,hyponyms - misc,shelf,,ripiano
1194,,,,bookshelf,libreria
1195,,,,hob,piano_cottura
1196,,,,mantel,mensola
1197,,,,mantelpiece,caminiera
1198,,,,mantle,DUPLICATE_mensola
1199,,,,mantlepiece,DUPLICATE_caminiera
1200,,,,chimneypiece,DUPLICATE_caminiera
1201,,,,overmantel,DUPLICATE_caminiera
1202,,,,berm,scaffale
1203,,,,,"scaffalatura,scansia,piano,piano_d'_appoggio,asse_del_water"
1204,L03_40,hyponyms - misc,shirt,,camicia
1205,,,,polo,polo
1206,,,,camise,camicetta
1207,,,,dashiki,dashiki
1208,,,,daishiki,DUPLICATE_dashiki
1209,,,,dress,camicia_elegante
1210,,,,evening,camicia_da_sera
1211,,,,hair,cilicio
1212,,,,jersey,maglia_di_jersey
1213,,,,t-shirt,maglietta
1214,,,,tee,DUPLICATE_maglietta
1215,,,,kurta,kurta
1216,,,,sport,camicia_sportiva
1217,,,,tank,canotta
1218,,,,work-shirt,camicia_da_lavoro
1219,,,,,"blusa,camiciotto,camiciola"
1220,L03_41,hyponyms - misc,shoes,,calzature
1221,,,,sneakers,sneakers
1222,,,,anklet,stivaletti_alla_caviglia
1223,,,,baby_shoes,scarpe_da_neonato
1224,,,,balmoral,stivali_balmoral
1225,,,,blucher,scarpe_blucher
1226,,,,bowling_shoes,scarpe_da_bowling
1227,,,,brogan,stivale_brogan
1228,,,,brogue,calzatura_brogue
1229,,,,clodhopper,ciabatta
1230,,,,work_shoes,scarpe_da_lavoro
1231,,,,calceus,calceus
1232,,,,chopine,chopine
1233,,,,platform_shoes,scarpe_con_plateau
1234,,,,chukka,stivale_chukka
1235,,,,boots,stivali
1236,,,,cleats,tacchetti
1237,,,,congress_shoes,scarpe_da_sala
1238,,,,gaiters,ghette
1239,,,,flipper_shoes,pinne
1240,,,,fin_shoes,DUPLICATE_pinne
1241,,,,ghillie,ghillies
1242,,,,gillie,DUPLICATE_ghillies
1243,,,,gym_shoes,scarpe_da_ginnastica
1244,,,,tennis_shoes,scarpe_da_tennis
1245,,,,loafers,loafer
1246,,,,moccasins,mocassini
1247,,,,mocassins,DUPLICATE_mocassini
1248,,,,oxford_shoes,scarpa_oxford
1249,,,,pump_shoes,ballerina
1250,,,,running_shoes,scarpe_da_corsa
1251,,,,sabot,sabot
1252,,,,wooden_shoes,calzatura_in_legno
1253,,,,sandals,sandali
1254,,,,slingbacks,slingback
1255,,,,sling_shoes,DUPLICATE_slingback
1256,,,,walker_shoes,scarpe_per_primi_passi
1257,,,,walking_shoes,scarpe_da_passeggio
1258,,,,wedgie,scarpa_con_zeppa
1259,,,,wing_shoes,anfibio
1260,,,,tip_shoes,scarpette_da_punta
1261,,,,stiletto,tacco_a_spillo
1262,,,,heeled,scarpe_coi_tacchi
1263,,,,,"scarpette_da_calcio,decolté,scarpe_da_trakking,zoccolo,pedule,coturno,ciocia,stivale,stivaletto,scarpe_da_ballo"
1264,L03_42,hyponyms - misc,sofa,,divano
1265,,,,divan,ottomana
1266,,,,diwan,sofà
1267,,,,convertible_sofa,divano_letto
1268,,,,daybed,DUPLICATE_divano_letto
1269,,,,loveseat,divanetto
1270,,,,settee,DUPLICATE_divano
1271,,,,squab,DUPLICATE_divano
1272,,,,,canapé
1273,L03_43,hyponyms - misc,song,,canzone
1274,,,,lullaby,ninna_nanna
1275,,,,religious_song,canto_religioso
1276,,,,anthem,inno
1277,,,,aria,aria
1278,,,,ballad,ballata
1279,,,,lay,lai
1280,,,,barcarole,barcarola
1281,,,,barcarolle,DUPLICATE_barcarola
1282,,,,ditty,canzoncina
1283,,,,dirge,nenia
1284,,,,coronach,canto_funebre
1285,,,,lament,lamento
1286,,,,requiem,requiem
1287,,,,threnody,trenodia
1288,,,,drinking_song,canzone_conviviale
1289,,,,folk_song,canto_popolare
1290,,,,folksong,musica_folk
1291,,,,folk_ballad,ballata_popolare
1292,,,,lied,lied
1293,,,,love_song,canzone_d'_amore
1294,,,,love-song,DUPLICATE_canzone_d'_amore
1295,,,,cradlesong,cradlesong
1296,,,,berceuse,berceuse_musicale
1297,,,,oldie,canzone_di_sempre
1298,,,,golden_oldie,grandi_successi
1299,,,,partsong,partsong
1300,,,,prothalamion,protalamo
1301,,,,prothalamium,DUPLICATE_protalamo
1302,,,,roundelay,rondelet
1303,,,,scolion,scolio
1304,,,,banquet_song,musica_da_banchetto
1305,,,,serenade,serenata
1306,,,,torch_song,torch_song
1307,,,,work_song,canto_di_lavoro
1308,,,,,"inno,spiritual,salmodia,cantilena,alleluia,resposorio,parodo,antifona,jodler,monodia,staismo,epicedio,esodo,lirica,raglio,treno,salmo,stornello"
1309,L03_44,hyponyms - misc,spice,,spezia
1310,,,,pepper,pepe
1311,,,,allspice,pepe_di_giamaica
1312,,,,ajwain,ajwain
1313,,,,cumin,cumino
1314,,,,caraway_seed,carvi
1315,,,,cardamom,cardamomo
1316,,,,cassia,cassia
1317,,,,cayenne,pepe_di_cayenna
1318,,,,celery_seeds,semi_di_sedano
1319,,,,chile_pepper,peperoncino
1320,,,,chile,peperoncino_in_polvere
1321,,,,cinnamon,cannella
1322,,,,clove,chiodo_di_garofano
1323,,,,coriander,coriandolo
1324,,,,dill,aneto
1325,,,,fennel,finocchio
1326,,,,fenugreek,fieno_greco
1327,,,,frankincense,franchincenso
1328,,,,galangal,galanga
1329,,,,garlic,aglio
1330,,,,ginger,zenzero
1331,,,,horseradish,rafano
1332,,,,jalapeño,jalapeño
1333,,,,juniper,ginepro
1334,,,,licorice,liquirizia
1335,,,,mace,macis
1336,,,,mustard,senape
1337,,,,nutmeg,noce_moscata
1338,,,,onion,cipolla
1339,,,,paprika,paprica
1340,,,,peppercorns,pepe_in_grani
1341,,,,saffron,zafferano
1342,,,,savory,santoreggia
1343,,,,sesame,sesamo
1344,,,,anise,anice
1345,,,,sumac,sommacco
1346,,,,tabasco,tabasco
1347,,,,tamarind,tamarindo
1348,,,,turmeric,curcuma
1349,,,,five_spice_powder,polvere_cinque_spezie
1350,,,,powdered_ginger,zenzero_in_polvere
1351,,,,chinese_anise,anice_cinese
1352,,,,star_anise,anice_stellato
1353,,,,star_aniseed,semi_di_anice_stellato
1354,,,,,"pimento,erba_cipollina,citronella,lemon_grass,rosmarino,salvia,timo,maggiorana,curry,basilico,prezzemolo,carom,semi_di_timolo,cumino_dei_pirati"
1355,L03_45,hyponyms - misc,sweater,,maglione
1356,,,,turtleneck,dolcevita
1357,,,,cardigan,cardigan
1358,,,,pullover,pullover
1359,,,,slipover,smanicato
1360,,,,turtle,maglione_a_collo_altro
1361,,,,polo-neck,lupetto
1362,,,,,"felpa,maglioncino,golfino"
1363,L03_46,hyponyms - misc,tool,,strumento
1364,,,,rake,rastrello
1365,,,,abrader,abrasivo
1366,,,,abradant,erosivo
1367,,,,bender,piegtrice
1368,,,,clincher,leva_cacciagomme
1369,,,,comb,pettine
1370,,,,cutting_implement,seghetto
1371,,,,drill,trapano
1372,,,,eolith,eolite
1373,,,,fork,forchetta
1374,,,,gang,NO_TRANSLATION
1375,,,,garden_tool,attrezzo_da_giardino
1376,,,,lawn_tool,tosaerba
1377,,,,grapnel,rampino
1378,,,,grapple,gancio
1379,,,,grappler,uncino
1380,,,,grappling_hook,raffio
1381,,,,grappling_iron,rampino_di_ferro
1382,,,,hack,hacktool
1383,,,,hand_tool,strumento_manuale
1384,,,,hoe,zappa
1385,,,,jack,cric
1386,,,,jaws_of_life,attrezzo_di_salvataggio
1387,,,,neolith,neolite
1388,,,,paleolith,paleolite
1389,,,,pestle,pestello
1390,,,,muller,carrello_porta_utensili
1391,,,,pounder,mortaio
1392,,,,plow,aratro
1393,,,,plough,DUPLICATE_aratro
1394,,,,power_tool,utensile_elettrico
1395,,,,punch,punzone
1396,,,,puncher,perforatrice
1397,,,,ram,ariete
1398,,,,rounder,attrezzo_filo
1399,,,,saw_set,pinza_stradaseghe
1400,,,,shaping_tool,strumento_per_sagomare
1401,,,,strickle,rasiera
1402,,,,stylus,stilo
1403,,,,style,strumento_di_bellezza
1404,,,,tamp,tamponatore
1405,,,,tamper,tamper
1406,,,,tamping_bar,rivetto
1407,,,,tap,maschiatore
1408,,,,upset,DUPLICATE_NO_TRANSLATION
1409,,,,swage,pinza_crimpatrice
1410,,,,,"cricco,mortaio,raschino,cazzuola,pennello,forbici,bucatrice,pizatrice,raschiatore,cacciavite,sega,motosega,martello,fax,garrota,switch,forgia,contapassi,cannuccia,strumento_nautico,enteroclisma,indicatore,modem,adattatore,cavo,bussola,lima,cesoia,sismografo,arcolaio,bulino,calcolatrice,calcatoio,cuneo,penna,trivella,morsa,scovolino,testiera,acciarino,coltello,disco,fischio,fionda,chiave,chiavetta,cesello,forcipe,lancetta,matita,timbro"
1411,L03_47,hyponyms - misc,toy,,giocattolo
1412,,,,doll,bambola
1413,,,,ball,palla
1414,,,,balloon,palloncino
1415,,,,cockhorse,cavallo_a_dondolo
1416,,,,dolly,bambolina
1417,,,,dollhouse,casa_delle_bambole
1418,,,,house,casa_giocattolo
1419,,,,frisbee,frisbee
1420,,,,hobby,NO_TRANSLATION
1421,,,,hobbyhorse,hobbyhorse
1422,,,,rocking,dondolo
1423,,,,horse,cavalluccio
1424,,,,hula-hoop,hula-hoop
1425,,,,jack-in-the-box,pagliaccio_nella_scatola
1426,,,,jungle,animali_della_giungla
1427,,,,gym,palestrina
1428,,,,jumping,trampolo_a_molla
1429,,,,jack,jack
1430,,,,kaleidoscope,caleidoscopio
1431,,,,kite,aquilone
1432,,,,lego,lego
1433,,,,meccano,meccano
1434,,,,shooter,fucile_giocattolo
1435,,,,pinata,pignatta
1436,,,,pinwheel,girandola
1437,,,,playhouse,teatrino
1438,,,,wendy,casetta_da_gioco
1439,,,,pogo,plastilina
1440,,,,stick,bastone_giocattolo
1441,,,,popgun,fucile_a_tappo
1442,,,,rattle,sonaglio
1443,,,,sandbox,sabbiera
1444,,,,sandpile,DUPLICATE_sabbiera
1445,,,,sandpit,paletta_e_secchiello
1446,,,,seesaw,DUPLICATE_dondolo
1447,,,,teeter,altalena_basculante
1448,,,,teeter-totter,DUPLICATE_altalena_basculante
1449,,,,teetertotter,DUPLICATE_altalena_basculante
1450,,,,teeterboard,tavola_coreana
1451,,,,tilting,pupazzo_oscillante
1452,,,,board,lavagnetta
1453,,,,dandle,giostrine_acchiappasogni
1454,,,,slide,scivolo
1455,,,,playground,parco_giochi
1456,,,,sliding,DUPLICATE_scivolo
1457,,,,slingshot,fionda
1458,,,,sling,DUPLICATE_fionda
1459,,,,catapult,catapulta_giocattolo
1460,,,,swing,altalena
1461,,,,teddy,oresacchiotto
1462,,,,bear,oresetto
1463,,,,top,trottola
1464,,,,whirligig,DUPLICATE_trottola
1465,,,,teetotum,barralliccu
1466,,,,spinning,DUPLICATE_trottola
1467,,,,train,trenino_giocattolo
1468,,,,water_pistol,fucile_ad_acqua
1469,,,,gun,pistola_giocattolo
1470,,,,squirt,spruzza_acqua
1471,,,,squirter,DUPLICATE_spruzza_acqua
1472,,,,yo-yo,yo-yo
1473,,,,,"gioco,trastullo,balocco,bambolotto,sonaglino,peluche,bambola_di_pezza,spada_giocattolo,cubo_di_rubik,play-doh,sabbia_cinetica,cubi,costruzioni,puzzle,gioco_da_tavolo,giochi_per_la_sabbia,tavola_montessori,cucina_giocattolo,attrezzi_giocattolo,cavallo_a_dondolo,burattino,marionetta,pupazzo,monopattino,rompicapo,drago,triciclo"
1474,L03_48,hyponyms - misc,trousers,,pantaloni
1475,,,,jeans,jeans
1476,,,,bellbottom_trousers,pantaloni_a_zampa
1477,,,,bell-bottoms,DUPLICATE_pantaloni_a_zampa
1478,,,,bellbottom_pants,DUPLICATE_pantaloni_a_zampa
1479,,,,breeches,calzoni
1480,,,,knee_breeches,pinocchietto
1481,,,,knee_pants,pantaloni_al_ginocchio
1482,,,,knickerbockers,pantaloni_alla_zuava
1483,,,,knickers,DUPLICATE_pantaloni_alla_zuava
1484,,,,chino,pantaloni_chino
1485,,,,churidars,churidar
1486,,,,cords,pantaloni_sportivi
1487,,,,corduroys,pantaloni_di_velluto
1488,,,,flannel,pantaloni_di_flanella
1489,,,,gabardine,pantloni_gabardine
1490,,,,tweed,pantaloni_di_tweed
1491,,,,white,pantaloni_bianchi
1492,,,,jean,jean
1493,,,,blue_jean,blue-jeans
1494,,,,denim,denim
1495,,,,jodhpurs,pantalone_da_fantino
1496,,,,jodhpur_breeches,calzone_da_equitazione
1497,,,,riding_breeches,pantaloni_da_equitazione
1498,,,,long_trousers,calzoni_lunghi
1499,,,,long_pants,pantaloni_lunghi
1500,,,,pajama,pigiama
1501,,,,pyjama,DUPLICATE_pigiama
1502,,,,pantaloon,DUPLICATE_pantaloni
1503,,,,pedal_pusher,DUPLICATE_pinocchietto
1504,,,,toreador_pants,pantalone_alla_capri
1505,,,,salwar,salwar
1506,,,,shalwar,shalwar
1507,,,,short_pants,pantaloncini
1508,,,,shorts,shorts
1509,,,,trunks,pantaloni_trochi
1510,,,,slacks,pantaloni_larghi
1511,,,,stretch_pants,pantaloni_elasticizzati
1512,,,,sweat_pants,pantaloni_della_tuta
1513,,,,sweatpants,DUPLICATE_pantaloni_della_tuta
1514,,,,trews,pantaloni_in_tartan
1515,,,,britches,DUPLICATE_pantalone_da_fantino
1516,,,,buckskins,pantaloni_di_pelle
1517,,,,plus_fours,DUPLICATE_pantaloni_alla_zuava
1518,,,,trunk_hose,calzoni_a_pallone
1519,,,,levi's,levi's
1520,,,,levis,levis
1521,,,,bermuda_shorts,bermuda
1522,,,,jamaica_shorts,pantalonici_giamaicani
1523,,,,hot_pants,pantloncini_hot_pants
1524,,,,lederhosen,lederhosen
1525,,,,,"calzoni,pantalone_palazzo,pantalone_a_gamba_d'_elefante,pantalone_chaps,pantalaccio,pantaloni_a_cavallo_basso,pantaloni_a_sigaretta,pantaloni_a_vita_alta,pantaloni_a_vita_bassa,salopette,brache,calzoncino,calzoncini,pantaloncino,pantaloni_eleganti,gonnapantalone,pantalone_con_pinces"
1526,L03_49,hyponyms - misc,weapon,,arma
1527,,,,gun,pistola
1528,,,,bow,arco
1529,,,,arrow,freccia
1530,,,,dart,dardo
1531,,,,knucks,tirapugni
1532,,,,knuckles,DUPLICATE_tirapugni
1533,,,,flamethrower,lanciafiamme
1534,,,,knife,coltello
1535,,,,missile,missile
1536,,,,pike,picca
1537,,,,projectile,proiettile
1538,,,,slasher,scure
1539,,,,sling,fionda
1540,,,,spear,alabarda
1541,,,,lance,lancia
1542,,,,shaft,asta
1543,,,,stun,taser
1544,,,,baton,manganello
1545,,,,sword,spada
1546,,,,blade,lama
1547,,,,brand,torcia
1548,,,,steel,acciaio
1549,,,,tomahawk,tomahawk
1550,,,,hatchet,accetta
1551,,,,fire,arma_da_fuoco
1552,,,,,"balestra,pugnle,corpo_contundente,fucile,baionetta,pezzo_d'_artiglieria,arma_bianca,acciaro,ferro,bomba,mina,sciabola,clava"
1553,L03_50,hyponyms - misc,weekday,,giorno_feriale
1554,,,,monday,lunedì
1555,,,,workday,giorno_lavorativo
1556,,,,working_day,giornata_lavorativa
1557,,,,work_day,giorno_di_lavoro
1558,,,,feria,feria
1559,,,,mon,lun
1560,,,,tuesday,martedì
1561,,,,tues,mar
1562,,,,wednesday,mercoledì
1563,,,,midweek,metà_settimana
1564,,,,wed,mer
1565,,,,thursday,giovedì
1566,,,,th,gio
1567,,,,friday,venerdì
1568,,,,fri,ven
1569,,,,saturday,sabato
1570,,,,sabbatum,DUPLICATE_sabato
1571,,,,sat,sab
1572,,,,,giorno_della_settimana
