,ID,Relation,Source,Target,FR
0,L03_1,hyponyms - misc,backpack,,sac_à_dos
1,,,,daypack,sac_de_jour
2,,,,kitbag,musette
3,,,,kit_bag,DUPLICATE_musette
5,L03_2,hyponyms - misc,bag,,sac
6,,,,pouch,pochette
7,,,,backpack,sac_à_dos
8,,,,knapsack,DUPLICATE_sac_à_dos
9,,,,packsack,DUPLICATE_sac_à_dos
10,,,,rucksack,DUPLICATE_sac_à_dos
11,,,,haversack,havresac
12,,,,beanbag,sac_à_haricots
13,,,,bladder,vessie
14,,,,carryall,fourre-tout
15,,,,holdall,DUPLICATE_fourre-tout
16,,,,tote,DUPLICATE_fourre-tout
17,,,,drawstring,cordon_de_serrage
18,,,,dust,petit_sac
19,,,,vacuum,sous_vide
20,,,,envelope,enveloppe
21,,,,gasbag,sac_à_gaz
22,,,,gamebag,sac_de_jeu
23,,,,golf,golf
24,,,,gunnysack,sac_en_toile
25,,,,gunny,gunny
26,,,,burlap,toile_de_jute
27,,,,ice,sac_à_glace
28,,,,mailbag,sac_postal
29,,,,postbag,DUPLICATE_sac_postal
30,,,,nosebag,sac_à_nez
31,,,,feedbag,sac_d'alimentation
32,,,,pannier,sacoche
33,,,,plastic,plastique
34,,,,purse,sac_à_main
35,,,,ragbag,DUPLICATE_sac_à_dos
37,,,,sachet,sachet
38,,,,sack,sac
40,,,,paper,papier
41,,,,carrier,porteur
42,,,,saddlebag,DUPLICATE_sacoche
43,,,,sandbag,sac_de_sable
44,,,,schoolbag,cartable
45,,,,shopping,shopping
46,,,,sick_bag,sac_de_malade
47,,,,sickbag,DUPLICATE_sac_de_malade
49,,,,sleeping,sac_à_coucher
50,,,,sweat,survêtement
51,,,,tea,thé
52,,,,toilet,toilettes
53,,,,sponge,éponge
54,,,,tool,outil
55,,,,tucker-bag,tucker-bag
57,L03_3,hyponyms - misc,bed,,lit
58,,,,bunk,couchette
59,,,,berth,DUPLICATE_couchette
60,,,,built,construit
61,,,,built-in,intégré
62,,,,cot,lit_d'enfant
63,,,,camp,camp
64,,,,couch,canapé
65,,,,deathbed,lit_de_mort
66,,,,double,lit_double
67,,,,four-poster,lit_à_baldaquin
68,,,,hammock,hamac
69,,,,sack,sac
70,,,,marriage_bed,lit_de_mariage
71,,,,murphy,murphy
72,,,,plank-bed,lit-planche
73,,,,platform,plate-forme
74,,,,sickbed,lit_de_malade
75,,,,single_bed,lit_simple
76,,,,sleigh,traîneau
77,,,,trundle,gigogne
79,,,,twin,jumeau
80,,,,water,eau
81,,,,semi-double,semi-double
82,,,,semidouble,DUPLICATE_semi-double
84,L03_4,hyponyms - misc,boat,,bateau
85,,,,ferry,traversier
86,,,,ark,arche
87,,,,barge,barge
88,,,,flatboat,bateau_plat
90,,,,lighter,bateau_léger
91,,,,bumboat,bumboat
92,,,,canal_boat,bateau_de_canal
93,,,,narrow_boat,péniche
94,,,,narrowboat,DUPLICATE_péniche
95,,,,ferryboat,ferry-boat
96,,,,fireboat,bateau-feu
97,,,,gondola,lgondole
98,,,,guard_boat,guard_boat
99,,,,gunboat,canonnière
100,,,,junk,jonque
101,,,,longboat,chaloupe
102,,,,lugger,lougre
103,,,,mackinaw,mackinaw
104,,,,mailboat,bateau-poste
105,,,,mail,courrier
106,,,,packet,paquet
107,,,,motorboat,bateau_à_moteur
108,,,,powerboat,DUPLICATE_bateau_à_moteur
109,,,,pilot,pilote
110,,,,police,police
111,,,,punt,coup_de_volée
112,,,,river_boat,bateau_mouche
113,,,,scow,chaland
114,,,,sea_boat,bateau_de_mer
115,,,,small_boat,petit_bateau
116,,,,steamboat,bateau_à_vapeur
117,,,,surfboat,bateau_de_surf
118,,,,tender_boat,bateau_annexe
119,,,,pinnace,pinasse
120,,,,cutter_boat,bateau_coteur
121,,,,tugboat,remorqueur
122,,,,tug,DUPLICATE_remorqueur
123,,,,towboat,DUPLICATE_remorqueur
124,,,,tower_boat,bateau-tour
125,,,,yacht,yacht
126,,,,sail,naviguer
127,,,,row,aviron
128,,,,canoe,canoë
129,,,,kayak,kayak
130,,,,paddle,pagaie
131,,,,paddle_boat,pédalo
133,L03_5,hyponyms - misc,book,,livre
134,,,,paperback,livre_de_poche
135,,,,album,album
136,,,,folio,folio
137,,,,hardback,relié
138,,,,hardcover,couverture_rigide
139,,,,journal,journal
140,,,,novel,roman
141,,,,order,ordre
142,,,,paper-back,broché
143,,,,softback,couverture_souple
144,,,,soft-cover,DUPLICATE_couverture_souple
145,,,,picture,image
146,,,,sketchbook,carnet_de_croquis
147,,,,sketch,esquisser
148,,,,notebook,carnet
150,L03_6,hyponyms - misc,brush,,brosse
151,,,,toothbrush,brosse_à_dents
152,,,,bottlebrush,goupillon
153,,,,bristle,poil
154,,,,clothesbrush,brosse_à_vêtements
155,,,,hairbrush,brosse_à_cheveux
156,,,,nailbrush,brosse_à_ongles
157,,,,paintbrush,pinceau
158,,,,sable,zibeline
159,,,,scrub,frotter
160,,,,scrubbing,lavage
161,,,,scrubber,scrubber
162,,,,shaving_brush,blaireau
164,L03_7,hyponyms - misc,burger,,hamburger
165,,,,hamburger,DUPLICATE_hamburger
166,,,,cheeseburger,cheeseburger
167,,,,50,50
168,,,,50_burger,50_burger
169,,,,angus_burger,angus_burger
170,,,,banquet_burger,banquet_burger
171,,,,barbecue_burger,burger_barbecue
172,,,,bøfsandwich,bøfsandwich
173,,,,utter_burge,burgeur_complet
174,,,,buffalo_burger,buffalo_burger
175,,,,california_burger,california_burger
176,,,,chili_burger,chili_burger
177,,,,curry_burger,burger_au_curry
178,,,,hamdog,hamdog
179,,,,salmon_burger,burger_au_saumon
180,,,,rice_burger,rice_burger
181,,,,veggie_burger,burger_végétarien
183,L03_8,hyponyms - misc,camera,,caméra
184,,,,camcorder,caméscope
185,,,,box_camera,box_camera
186,,,,box_kodak,boîte_kodak
187,,,,candid_camera,appareil_photo_numérique
188,,,,digital_camera,DUPLICATE_appareil_photo_numérique
189,,,,flash_camera,appareil_photo_avec_flash
190,,,,motion-picture_camera,DUPLICATE_appareil_photo_numérique
191,,,,movie_camera,caméra_de_cinéma
192,,,,cine-camera,caméra_cinéma
193,,,,point-and-shoot_camera,DUPLICATE_appareil_photo_numérique
194,,,,point-and-shoot,DUPLLICATE_appareil_photo_numérique
195,,,,polaroid_camera,appareil_photo_polaroïd
196,,,,polaroid_land_camera,appareil_photo_terrestre_polaroid
197,,,,polaroid,polaroid
198,,,,portrait_camera,appareil_photo_portrait
199,,,,reflex_camera,appareil_photo_reflex
200,,,,webcam,webcam
201,,,,webcamera,webcaméra
202,,,,sound_camera,caméra_sonore
204,L03_9,hyponyms - misc,candy,,bonbon
205,,,,lollipop,sucette
206,,,,candy_bar,barre_chocolatée
207,,,,carob_bar,barre_de_caroube
208,,,,hard_candy,bonbon_dur
209,,,,brandyball,brandyball
210,,,,patty,patty
211,,,,bonbon,bonbon
212,,,,brittle,brittle
213,,,,toffee,DUPLICATE_caramel
214,,,,toffy,toffy
215,,,,butterscotch,butterscotch
216,,,,candy_cane,canne_à_sucre
217,,,,candy_corn,bonbon_maïs
218,,,,caramel,caramel
219,,,,cotton_candy,barbe_à_papa
220,,,,spun_sugar,sucre_filé
221,,,,candyfloss,DUPLICATE_barbe_à_papa
222,,,,dragee,dragée
223,,,,fondant,fondant
224,,,,fudge,DUPLICATE_fondant
225,,,,gumdrop,boule_de_gomme
226,,,,honey_crisp,miel_croustillant
227,,,,mint,menthe
228,,,,mint_candy,bonbons_à_la_menthe
229,,,,horehound,marrube
230,,,,jelly_bean,bonbon_à_la_gelée
231,,,,jelly_egg,œuf_en_gelée
234,,,,licorice,réglisse
235,,,,liquorice,DUPLICATE_réglisse
236,,,,life_saver,sauveur_de_vie
237,,,,sucker,DUPLICATE_sucette
239,,,,lozenge,pastille
240,,,,marshmallow,guimauve
241,,,,marzipan,pâte_d'amande
242,,,,marchpane,marspane
243,,,,nougat,nougat
244,,,,nougat_bar,bar_à_nougat
245,,,,nut_bar,barre_de_noix
246,,,,peanut_bar,barre_de_cacahuètes
247,,,,popcorn_ball,boule_de_pop-corn
248,,,,praline,praline
249,,,,rock_candy,DUPLICATE_sucre_d'orge
250,,,,rock,rocher
251,,,,sugar_candy,sucre_d'orge
252,,,,sugarplum,DUPLICATE_sucre_d'orge
253,,,,taffy,DUPLICATE_caramel
254,,,,truffle,truffe
255,,,,chocolate_truffle,truffe_au_chocolat
256,,,,turkish_delight,délice_turc
257,,,,easter_egg,œuf_de_Pâques
259,L03_10,hyponyms - misc,car,,voiture
260,,,,limousine,limousine
261,,,,convertible,décapotable
262,,,,ambulance,ambulance
263,,,,beach,plage
264,,,,wagon,wagon
265,,,,station,station
266,,,,estate,break
267,,,,waggon,DUPLICATE_wagon
268,,,,bus,bus
269,,,,jalopy,tacot
270,,,,heap,tas
271,,,,cab,taxi
272,,,,hack,pirate
273,,,,taxi,DUPLICATE_taxi
274,,,,taxicab,DUPLICATE_taxi
275,,,,compact,compact
276,,,,coupe,coupé
277,,,,cruiser,cruiser
278,,,,police,police
279,,,,patrol,patrouille
280,,,,prowl,rôder
281,,,,squad,escouade
282,,,,electric,électrique
283,,,,hardtop,toit_rigide
284,,,,hatchback,hatchback
285,,,,hot-rod,hot-rod
286,,,,jeep,jeep
287,,,,landrover,landrover
288,,,,limo,limo
289,,,,loaner,prêt
290,,,,minicar,minicar
291,,,,minivan,minivan
292,,,,model,modèle
293,,,,pace,rythme
294,,,,racer,coureur
295,,,,race,DUPLICATE_course
296,,,,racing,course
297,,,,roadster,roadster
298,,,,runabout,runabout
299,,,,two-seater,biplace
300,,,,sedan,berline
301,,,,saloon,DUPLICATE_berline
302,,,,sports,sports
303,,,,sport,sport
304,,,,suv,suv
305,,,,stanley,stanley
306,,,,steamer,steamer
307,,,,stock,stock
308,,,,subcompact,sous-compacte
309,,,,touring,tourisme
310,,,,tourer,tourer
311,,,,used,d'occasion
312,,,,secondhand,seconde_main
314,L03_11,hyponyms - misc,church,,église
315,,,,chapel,chapelle
316,,,,abbey,abbaye
317,,,,basilica,basilique
318,,,,cathedral,cathédrale
319,,,,duomo,duomo
320,,,,kirk,kirk
322,L03_12,hyponyms - misc,citrus,,agrumes
323,,,,lemon,citron
324,,,,orange,orange
325,,,,lime,citron_vert
326,,,,mandarin,mandarine
327,,,,tangerine,DUPLICATE_mandarine
328,,,,yuzu,yuzu
330,L03_13,hyponyms - misc,cloud,,nuage
331,,,,thundercloud,nuage_orageux
332,,,,cirrocumulus,cirrocumulus
333,,,,cirrostratus,cirrostratus
334,,,,cirrus,cirrus
335,,,,contrail,contrail
336,,,,condensation,condensation
337,,,,trail,traînée
338,,,,cumulonimbus,cumulonimbus
339,,,,cumulus,cumulus
340,,,,nacreous,nacré
341,,,,nebule,nébuleuse
342,,,,nimbus,nimbus
343,,,,rain,pluie
344,,,,storm,tempête
345,,,,stratus,stratus
346,,,,mushroom,champignon
347,,,,smoke,fumée
349,L03_14,hyponyms - misc,collar,,collier
350,,,,choker,collier_de_serrage
351,,,,ruff,collerette
352,,,,ruffle,DUPLICATE_collerette
353,,,,clerical,clérical
354,,,,roman_collar,col_romain
355,,,,dog_collar,collier_de_chien
356,,,,eton_collar,col_eton
357,,,,rabato_collar,col_rabato
358,,,,rebato_collar,col_rebato
359,,,,turtleneck,col_roulé
360,,,,polo-neck,col_polo
361,,,,neckpiece,DUPLICATE_collier
363,L03_15,hyponyms - misc,color,,couleur
364,,,,white,blanc
365,,,,black,noir
366,,,,blue,bleu
367,,,,green,vert
368,,,,red,rouge
370,,,,orange,orange
371,,,,vermilion,vermillon
372,,,,amber,ambre
373,,,,chartreuse,chartreuse
374,,,,teal,sarcelle
375,,,,violet,violet
376,,,,magenta,magenta
377,,,,rose,rose
378,,,,azure,azur
379,,,,cyan,cyan
380,,,,indigo,indigo
381,,,,purple,DUPLICATE_violet
382,,,,brown,brun
383,,,,yellow,jaune
385,L03_16,hyponyms - misc,computer,,ordinateur
386,,,,laptop,ordinateur_portable
387,,,,desktop,ordinateur_de_bureau
388,,,,tablet,tablette
389,,,,smartphone,smartphone
390,,,,supercomputer,superordinateur
391,,,,iphone,iPhone
392,,,,ipad,ipad
394,L03_17,hyponyms - misc,container,,conteneur
395,,,,bag,sac
396,,,,handbag,sac_à_main
397,,,,pocketbook,DUPLICATE_sac_à_main
398,,,,purse,DUPLICATE_sac_à_main
399,,,,basket,panier
400,,,,handbasket,panier_à_main
401,,,,bin,corbeille
402,,,,bowl,bol
403,,,,pipe,tuyau
404,,,,box,boîte
405,,,,bread-bin,boîte_à_pain
406,,,,breadbox,DUPLICATE_boîte_à_pain
408,,,,can,boîte_de_conserve
409,,,,tin,DUPLICATE_boîte_de_conserve
410,,,,canister,bidon
411,,,,cannister,DUPLICATE_boîte_de_conserve
412,,,,capsule,capsule
413,,,,cargo,cargaison
414,,,,case,valise
415,,,,display,présentoir
416,,,,showcase,DUPLICATE_vitrine
417,,,,vitrine,vitrine
418,,,,cassette,cassette
419,,,,cup,tasse
420,,,,cylinder,cylindre
421,,,,dice,dés
422,,,,dish,plat
423,,,,dispenser,distributeur
424,,,,drawer,tiroir
425,,,,dumpster,benne_à_ordures
426,,,,empty,vide
427,,,,envelope,enveloppe
428,,,,glass,verre
429,,,,bottle,bouteille
430,,,,mailer,courrier
431,,,,manger,mangeoire
432,,,,trough,auge
433,,,,measure,mesure
434,,,,mold,DUPLICATE_moule
435,,,,mould,moule
436,,,,cast,couler
437,,,,package,colis
438,,,,parcel,DUPLICATE_colis
439,,,,pan,casserole
440,,,,pod,cosse
441,,,,pot,pot
442,,,,flowerpot,pot_de_fleurs
443,,,,flask,flacon
444,,,,receptacle,réceptacle
445,,,,reliquary,reliquaire
446,,,,saltcellar,salière
447,,,,savings,épargne
448,,,,bank,banque
449,,,,coin,pièce_de_monnaie
450,,,,money,argent
452,,,,coal,charbon
453,,,,shaker,shaker
454,,,,spoon,cuillère
455,,,,thimble,dé_à_coudre
456,,,,vessel,récipient
457,,,,waste-paper,corbeille_à_papier
458,,,,wastebasket,DUPLICATE_corbeille_à_papier
459,,,,waste,déchets
460,,,,file,dossier
461,,,,workbasket,corbeille_de_travail
462,,,,workbox,boîte_de_travail
463,,,,workbag,sac_de_travail
465,L03_18,hyponyms - misc,cookware,,ustensiles_de_cuisine
466,,,,pot,pot
467,,,,baster,arrosoir
468,,,,chafing,chafing
469,,,,dish,plat
470,,,,cooker,cuisinière
471,,,,sheet,feuille
472,,,,tray,plateau
473,,,,enamelware,émaillerie
474,,,,grid,grille
475,,,,gridiron,grille_de_cuisson
476,,,,griddle,plaque_de_cuisson
477,,,,pan,poêle
478,,,,poacher,braconnier
479,,,,skimmer,écumoire
480,,,,steamer,cuiseur_vapeur
481,,,,turner,tourneur
483,L03_19,hyponyms - misc,cup,,tasse
484,,,,teacup,tasse_à_thé
485,,,,beaker,gobelet
486,,,,chalice,calice
487,,,,goblet,DUPLICATE_gobelet
488,,,,coffee_cup,tasse_à_café
489,,,,dixie,dixie
490,,,,paper_cup,gobelet_à_papier
491,,,,grace,grâce
492,,,,kylix,kylix
493,,,,cylix,cylix
494,,,,mustache_cup,gobelet_à_moustache
495,,,,moustache_cup,DUPLICATE_gobelet_à_moustache
496,,,,scyphus,scyphus
497,,,,grail,graal
499,L03_20,hyponyms - misc,cushion,,coussin
500,,,,pincushion,coussin_d'épingle
501,,,,pillow,DUPLICATE_coussin
502,,,,air,air
503,,,,inflatable,gonflable
504,,,,gaddi,gaddi
505,,,,hassock,hassock
506,,,,headrest,appui-tête
507,,,,seat,siège
509,L03_21,hyponyms - misc,cutlery,,couverts
510,,,,knife,couteau
511,,,,fork,fourchette
512,,,,spoon,cuillère
513,,,,tablefork,fourchette_de_table
514,,,,teaspoon,cuillère_à_café
515,,,,dessert_spoon,cuillère_à_dessert
516,,,,salad_fork,fourchette_à_salade
517,,,,carving_fork,fourchette_à_découper
519,L03_22,hyponyms - misc,dessert,,dessert
520,,,,cake,gâteau
521,,,,ambrosia,ambroisie
522,,,,baked_alaska,alaska_cuit
523,,,,blancmange,blancmange
524,,,,charlotte,charlotte
525,,,,compote,compote
526,,,,fruit_compote,compote_de_fruits
527,,,,dumpling,boulette
528,,,,flan,flan
529,,,,frozen_dessert,dessert_glacé
530,,,,junket,junket
531,,,,mold,moule
532,,,,mould,DUPLICATE_moule
533,,,,mousse,mousse
534,,,,pavlova,pavlova
535,,,,peach_melba,pêche_melba
536,,,,pudding,pudding
537,,,,pud,DUPLICATE_pudding
538,,,,syllabub,syllabub
539,,,,sillabub,sillabub
540,,,,tiramisu,tiramisu
541,,,,whip,fouet
542,,,,zabaglione,zabaglione
543,,,,sabayon,sabayon
544,,,,charlotte_russe,charlotte_russe
545,,,,apple_dumpling,boulette_de_pomme
546,,,,frozen_custard,crème_glacée
547,,,,soft_ice_cream,crème_glacée_molle
548,,,,frozen_pudding,pudding_glacé
549,,,,frozen_yogurt,yaourt_glacé
550,,,,ice-cream_cake,gâteau_à_la_crème_glacée
551,,,,icebox_cake,gâteau_glacé
552,,,,ice-cream_cone,cornet_de_crème_glacée
553,,,,ice-cream_sundae,sundae_à_la_crème_glacée
554,,,,sundae,sundae
555,,,,ice,glace
556,,,,frappe,frappe
557,,,,ice_cream,DUPLICATE_crème_glacée
558,,,,icecream,DUPLICATE_crème_glacée
559,,,,ice_lolly,sucette_glacée
560,,,,lolly,sucette
561,,,,lollipop,DUPLICATE_sucette
562,,,,popsicle,popsicle
563,,,,ice_milk,lait_glacé
564,,,,parfait,parfait
565,,,,sherbert,sherbert
566,,,,sherbet,sorbet
567,,,,snowball,boule_de_neige
568,,,,split,split
569,,,,chocolate_mousse,mousse_au_chocolat
570,,,,trifle,bagatelle
571,,,,brown_betty,brown_betty
572,,,,chocolate_pudding,pudding_au_chocolat
573,,,,duff,duff
574,,,,plum_duff,duff_aux_prunes
575,,,,flummery,flummery
576,,,,nesselrode,nesselrode
577,,,,nesselrode_pudding,pudding_nesselrode
578,,,,pease_pudding,pease_pudding
579,,,,plum_pudding,plum_pudding
580,,,,christmas_pudding,pudding_de_noël
581,,,,roly-poly,roly-poly
582,,,,roly-poly_pudding,pudding_au_roly-poly
583,,,,steamed_pudding,pudding_à_la_vapeur
584,,,,suet_pudding,pudding_au_suif
585,,,,tapioca_pudding,pudding_au_tapioca
586,,,,vanilla_pudding,pudding_à_la_vanille
587,,,,prune_whip,fouet_à_pruneaux
588,,,,water_ice,glace_à_l'eau
589,,,,sorbet,DUPLICATE_sorbet
590,,,,chocolate_ice_cream,crème_glacée_au_chocolat
591,,,,neapolitan_ice_cream,crème_glacée_napolitaine
592,,,,peach_ice_cream,crème_glacée_à_la_pêche
593,,,,strawberry_ice_cream,glace_à_la_fraise
594,,,,tutti-frutti,tutti-frutti
595,,,,vanilla_ice_cream,glace_à_la_vanille
596,,,,banana_split,banane_split
597,,,,tipsy_cake,gâteau_pompette
599,,,,choc-ice,choc-glace
601,L03_23,hyponyms - misc,dress,,robe
602,,,,gown,robe_de_chambre
603,,,,caftan,caftan
604,,,,kaftan,DUPLICATE_caftan
605,,,,chemise,chemise
606,,,,sack,sac
607,,,,shift,DUPLICATE_chemise
608,,,,coatdress,robe-manteau
609,,,,cocktail_dress,robe_de_cocktail
610,,,,sheath,fourreau
611,,,,dirndl,dirndl
612,,,,jumper,pull-over
613,,,,pinafore,chasuble
614,,,,pinny,pinny
615,,,,kirtle,kirtle
616,,,,morning,matin
617,,,,evening,soirée
618,,,,muumuu,muumuu
619,,,,polonaise,polonaise
620,,,,sari,sari
621,,,,saree,saree
622,,,,shirtdress,robe-chemise
623,,,,strapless,sans_bretelles
624,,,,sundress,robe_d'été
626,L03_24,hyponyms - misc,drum,,tambour
627,,,,tambourine,tambourin
628,,,,bass_drum,tambour_basse
629,,,,gran_casa,gran_casa
630,,,,bongo,bongo
631,,,,bongo_drum,tambour_bongo
632,,,,snare_drum,caisse_claire
633,,,,snare,DUPLICATE_caisse_claire
634,,,,side_drum,tambour_latéral
635,,,,tabor,tabor
636,,,,tabour,tabour
637,,,,tambour,tambour
638,,,,tenor_drum,tambour_ténor
639,,,,tom-tom,tom-tom
640,,,,timbrel,DUPLICATE_tambourin
641,,,,djembe,djembe
642,,,,doumbek,doumbek
643,,,,darbuka,darbuka
645,L03_25,hyponyms - misc,emotion,,émotion
646,,,,anger,colère
647,,,,choler,DUPLICATE_colère
648,,,,ire,DUPLICATE_colère
649,,,,anxiety,anxiété
650,,,,conditioned_emotional_response,réponse_émotionnelle_conditionnée
651,,,,cer,NO_TRANSLATION
652,,,,conditioned_emotion,émotion_conditionnée
653,,,,emotional_state,état_émotionnel
654,,,,spirit,esprit
655,,,,fear,peur
656,,,,fearfulness,DUPLICATE_peur
657,,,,fright,DUPLICATE_peur
658,,,,reverence,révérence
659,,,,awe,crainte
660,,,,veneration,vénération
661,,,,hate,haine
662,,,,hatred,DUPLICATE_haine
663,,,,joy,joie
664,,,,joyousness,DUPLICATE_joie
665,,,,joyfulness,gaieté
666,,,,love,amour
667,,,,annoyance,gêne
668,,,,chafe,irritation
669,,,,vexation,vexation
670,,,,bad_temper,mauvais_tempérage
671,,,,ill_temper,DUPLICATE_mauvais_tempérage
672,,,,dander,phanères
673,,,,hackles,poils
674,,,,fury,fureur
675,,,,rage,rage
676,,,,madness,folie
677,,,,huffiness,mauvaise_humeur
678,,,,indignation,indignation
679,,,,outrage,DUPLICATE_indignation
680,,,,infuriation,infuriation
681,,,,enragement,enragement
682,,,,umbrage,ombrage
683,,,,offense,offense
684,,,,offence,infraction
685,,,,angst,angoisse
686,,,,anxiousness,DUPLICATE_anxiété
687,,,,disquiet,inquiétude
688,,,,concern,préoccupation
689,,,,care,soin
690,,,,discomfiture,DUPLICATE_déconfiture
691,,,,discomposure,déconfiture
692,,,,disconcertion,DUPLICATE_déconcertation
693,,,,disconcertment,déconcertation
694,,,,edginess,nervosité
695,,,,uneasiness,malaise
696,,,,inquietude,DUPLICATE_inquiétude
697,,,,disquietude,DUPLICATE_inquiétude
698,,,,insecurity,insécurité
699,,,,jitteriness,agitation
700,,,,jumpiness,DUPLICATE_agitation
701,,,,nervousness,DUPLICATE_nervosité
702,,,,restiveness,DUPLICATE_nervosité
703,,,,scruple,scrupule
704,,,,qualm,DUPLICATE_scrupule
705,,,,misgiving,appréhension
706,,,,sinking,affaissement
707,,,,sinking_feeling,sentiment_d'enfoncement
708,,,,worry,DUPLICATE_inquiétude
709,,,,trouble,trouble
710,,,,ecstasy,extase
711,,,,rapture,ravissement
712,,,,transport,transport
713,,,,exaltation,exaltation
714,,,,raptus,raptus
715,,,,embarrassment,embarras
716,,,,gratification,gratification
717,,,,satisfaction,satisfaction
718,,,,happiness,bonheur
719,,,,felicity,félicité
720,,,,state,état
721,,,,unhappiness,malheur
722,,,,alarm,alarme
723,,,,dismay,DUPLICATE_consternation
724,,,,consternation,consternation
725,,,,apprehension,DUPLICATE_appréhension
726,,,,apprehensiveness,DUPLICATE_appréhension
727,,,,dread,DUPLICATE_crainte
728,,,,creeps,fluage
729,,,,frisson,frisson
730,,,,shiver,DUPLICATE_frisson
731,,,,chill,DUPLICATE_frisson
732,,,,quiver,frémissement
733,,,,shudder,DUPLICATE_frisson
734,,,,thrill,DUPLICATE_frisson
735,,,,tingle,picotement
736,,,,horror,horreur
737,,,,hysteria,hystérie
738,,,,intimidation,intimidation
739,,,,panic,panique
740,,,,terror,terreur
741,,,,affright,effroi
742,,,,scare,DUPLICATE_peur
743,,,,panic_attack,panique_attaque
744,,,,stage_fright,peur_de_la_scène
745,,,,timidity,timidité
746,,,,timidness,DUPLICATE_timidité
747,,,,timorousness,DUPLICATE_timidité
748,,,,abhorrence,DUPLICATE_abomination
749,,,,abomination,abomination
750,,,,detestation,détestation
751,,,,execration,exécration
752,,,,loathing,dégoût
753,,,,odium,odium
754,,,,despisal,méprise
755,,,,despising,DUPLICATE_méprise
756,,,,hostility,hostilité
757,,,,enmity,inimitié
758,,,,ill_will,mauvaise_volonté
759,,,,malevolence,malveillance
760,,,,malignity,malignité
761,,,,misanthropy,misanthropie
762,,,,misogamy,misogamie
763,,,,misogyny,misogynie
764,,,,misogynism,misogynisme
765,,,,misology,misologie
766,,,,misoneism,misonéisme
767,,,,misopedia,misopédie
768,,,,murderousness,meurtrière
769,,,,elation,DUPLICATE_exaltation
770,,,,high_spirits,hauts_esprits
771,,,,lightness,légèreté
772,,,,exhilaration,DUPLICATE_exaltation
773,,,,excitement,excitation
774,,,,exuberance,exubérance
775,,,,exultation,exultation
776,,,,jubilance,jubilation
777,,,,jubilancy,DUPLICATE_jubilation
778,,,,jubilation,DUPLICATE_jubilation
779,,,,agape,agape
781,,,,amorousness,amourette
782,,,,enamoredness,énamourage
783,,,,ardor,DUPLICATE_ardeur
784,,,,ardour,ardeur
785,,,,benevolence,bienveillance
786,,,,devotion,dévouement
787,,,,devotedness,DUPLICATE_dévouement
788,,,,filial_love,filial_love
789,,,,heartstrings,cordes_vocales
790,,,,lovingness,DUPLICATE_amour
791,,,,caring,DUPLICATE_bienveillance
792,,,,loyalty,loyauté
793,,,,puppy_love,amour_de_chiot
794,,,,calf_love,amour_veau
795,,,,crush,coup_de_cœur
796,,,,infatuation,engouement
797,,,,worship,DUPLICATE_adoration
798,,,,adoration,adoration
799,,,,aggravation,aggravation
800,,,,exasperation,exaspération
801,,,,displeasure,déplaisir
802,,,,frustration,frustration
803,,,,harassment,harcèlement
804,,,,torment,tourmente
805,,,,pique,piquer
806,,,,temper,DUPLICATE_colère
807,,,,irritation,DUPLICATE_irritation
808,,,,fit,crise
809,,,,tantrum,crise_de_colère
810,,,,scene,scène
811,,,,conniption,conniption
812,,,,irascibility,irascibilité
813,,,,short_temper,courte_température
814,,,,spleen,rate
815,,,,quick_temper,fièvre_rapide
816,,,,lividity,lividité
817,,,,wrath,DUPLICATE_colère
818,,,,dudgeon,donjon
819,,,,high_dudgeon,haut_dudgeon
820,,,,willies,zizanie
821,,,,comfort,confort
822,,,,quality_of_life,qualité_de_vie
823,,,,blessedness,béatitude
824,,,,beatitude,DUPLICATE_béatitude
825,,,,beatification,béatification
826,,,,radiance,rayonnement
827,,,,embitterment,amertume
828,,,,sadness,tristesse
829,,,,sorrow,chagrin
830,,,,sorrowfulness,DUPLICATE_tristesse
831,,,,pall,nuage
832,,,,foreboding,pressentiment
833,,,,premonition,prémonition
834,,,,presentiment,DUPLICATE_pressentiment
835,,,,boding,présage
836,,,,gloom,morosité
837,,,,gloominess,DUPLICATE_morosité
838,,,,somberness,sombrerie
839,,,,sombreness,sombréité
840,,,,suspense,suspense
841,,,,trepidation,trépidation
842,,,,swivet,pivotement
843,,,,cold_feet,pied_froid
844,,,,diffidence,défiance
845,,,,self-doubt,doute_de_soi
846,,,,self-distrust,méfiance_envers_soi-même
847,,,,shyness,DUPLICATE_timidité
848,,,,aggression,agression
849,,,,aggressiveness,agressivité
850,,,,animosity,animosité
851,,,,animus,animus
852,,,,bad_blood,mauvais_sang
853,,,,antagonism,antagonisme
854,,,,belligerence,belligérance
855,,,,belligerency,DUPLICATE_belligérance
856,,,,class_feeling,sentiment_de_classe
857,,,,resentment,ressentiment
858,,,,bitterness,DUPLICATE_amertume
859,,,,gall,bile
860,,,,rancor,DUPLICATE_rancœur
861,,,,rancour,rancœur
862,,,,maleficence,maléfice
863,,,,malice,malice
864,,,,maliciousness,DUPLICATE_malice
865,,,,spite,DUPLICATE_malveillance
866,,,,spitefulness,DUPLICATE_malveillance
867,,,,venom,venin
868,,,,vindictiveness,vindicte
869,,,,vengefulness,vengeance
870,,,,misocainea,misocaïnea
871,,,,euphoria,euphorie
872,,,,euphory,DUPLICATE_euphorie
874,,,,boot,botte
875,,,,charge,charge
876,,,,rush,ruée
877,,,,flush,chasse_d'eau
878,,,,kick,coup_de_pied
879,,,,intoxication,intoxication
880,,,,titillation,titillation
881,,,,triumph,triomphe
882,,,,beneficence,bienfaisance
883,,,,warmheartedness,chaleur_humaine
884,,,,warmth,chaleur
885,,,,nirvana,nirvana
886,,,,enlightenment,illumination
887,,,,mourning,deuil
888,,,,bereavement,DUPLICATE_deuil
889,,,,poignance,poignance
890,,,,poignancy,DUPLICATE_poignance
891,,,,presage,DUPLICATE_présage
892,,,,shadow,ombre
893,,,,hesitance,hésitation
894,,,,hesitancy,DUPLICATE_hésitation
895,,,,unassertiveness,inassumabilité
896,,,,warpath,sentier_de_la_guerre
897,,,,envy,envie
898,,,,enviousness,DUPLICATE_envie
899,,,,grudge,rancune
900,,,,score,score
901,,,,grievance,grief
902,,,,heartburning,brûlure_d'estomac
903,,,,sulkiness,bouderie
904,,,,huffishness,DUPLICATE_bouderie
905,,,,covetousness,convoitise
906,,,,jealousy,jalousie
907,,,,green-eyed_monster,monstre_aux_yeux_verts
908,,,,penis_envy,envie_de_pénis
910,L03_26,hyponyms - misc,flask,,flacon
911,,,,thermos,thermos
912,,,,ampulla,ampoule
913,,,,canteen,gourde
914,,,,erlenmeyer_flask,gourde_erlenmeyer
915,,,,hipflask,DUPLICATE_gourde
916,,,,pocket_flask,gourde_de_poche
917,,,,round-bottom_flask,gourde_à_fond_rond
918,,,,vacuum_flask,gourde_à_vide
919,,,,vacuum_bottle,bouteille_sous_vide
920,,,,dewar_flask,flacon_dewa
921,,,,dewar,Dewar
922,,,,thermos_bottle,bouteille_thermo
923,,,,thermos_flask,bouteille_thermos
925,L03_27,hyponyms - misc,guitar,,guitare
926,,,,ukulele,ukulélé
927,,,,bass,basse
928,,,,bass_guitar,guitare_basse
929,,,,acoustic_guitar,guitare_acoustique
930,,,,cittern,cithare
931,,,,cithern,citherne
932,,,,cither,cither
933,,,,citole,citole
934,,,,gittern,gittern
935,,,,electric_guitar,guitare_électrique
936,,,,hawaiian,hawaïen
937,,,,steel,acier
938,,,,uke,uke
940,L03_28,hyponyms - misc,gun,,pistolet
941,,,,rifle,fusil
942,,,,air,air
943,,,,airgun,pistolet_à_air_comprimé
944,,,,antiaircraft,antiaérien
945,,,,flak,flak
946,,,,flack,flack
947,,,,pom-pom,pom-pom
948,,,,ack-ack,ack-ack
949,,,,breechloader,chargeur_de_culasse
950,,,,cannon,canon
951,,,,firearm,arme_à_feu
952,,,,piece,pièce
953,,,,small-arm,arme_de_poing
954,,,,gas,gaz
955,,,,minute,minute
956,,,,quaker,quaker
957,,,,set,set
958,,,,spring,printemps
959,,,,whaling,baleine
961,L03_29,hyponyms - misc,jewel,,bijou
962,,,,diamond,diamant
963,,,,ruby,rubis
964,,,,pearl,perle
965,,,,emerald,émeraude
966,,,,sapphire,saphir
968,L03_30,hyponyms - misc,jewelry,,bijoux
969,,,,bracelet,bracelet
970,,,,bead,perle
971,,,,bijou,bijou
972,,,,bling,bling
973,,,,bling_bling,bling_bling
974,,,,bangle,bangle
975,,,,clip,clip
976,,,,cufflink,bouton_de_manchette
977,,,,earring,boucle_d'oreille
978,,,,jewel,DUPLICATE_bijou
979,,,,gem,DUPLICATE_pierre__précieuse
980,,,,precious_stone,pierre_précieuse
981,,,,necklace,collier
982,,,,pin,broche
983,,,,ring,bague
984,,,,band,DUPLICATE_bracelet
985,,,,tie_clip,pince_à_cravate
986,,,,bugle,bugle
987,,,,anklet,bracelet_de_cheville
988,,,,ankle_bracelet,DUPLICATE_bracelet_de_cheville
989,,,,armilla,armilla
990,,,,pendant_earring,boucle_d'oreille_pendante
991,,,,drop_earring,DUPLICATE_boucle_d'oreille
992,,,,eardrop,DUPLICATE_boucle_d'oreille
993,,,,crown_jewel,bijou_de_couronne
994,,,,diamond,diamant
995,,,,emerald,émeraude
996,,,,pearl,DUPLICATE_perle
997,,,,ruby,rubis
998,,,,sapphire,saphir
999,,,,solitaire,solitaire
1000,,,,chain,chaîne
1001,,,,string,DUPLICATE_chaîne
1002,,,,strand,brin
1003,,,,choker,collier_ras_du_cou
1004,,,,collar,DUPLICATE_collier
1005,,,,dog_collar,collier_pour_chien
1006,,,,neckband,tour_de_cou
1007,,,,brooch,DUPLICATE_broche
1008,,,,broach,DUPLICATE_broche
1009,,,,breastpin,épingle_à_nourrice
1010,,,,scatter_pin,DUPLICATE_épingle_à_nourrice
1011,,,,stickpin,DUPLICATE_épingle_à_nourrice
1012,,,,tie_tack,punaise_de_cravate
1013,,,,tiepin,épingle_à_cravate
1014,,,,scarfpin,épingle_à_foulard
1015,,,,annulet,annulette
1016,,,,engagement_ring,bague_de_fiançailles
1017,,,,mourning_ring,anneau_de_deuil
1018,,,,ringlet,anneau
1019,,,,signet_ring,chevalière
1020,,,,seal_ring,bague_de_sceau
1021,,,,wedding_ring,bague_de_mariage
1022,,,,wedding_band,DUPLICATE_bague__de_mariage
1023,,,,ice,glace
1024,,,,sparkler,étincelle
1025,,,,seed_pearl,perle_de_graine
1026,,,,sunburst,soleil
1028,L03_31,hyponyms - misc,mixer,,mélangeur
1029,,,,blender,mélangeur
1030,,,,liquidizer,liquidateur
1031,,,,liquidiser,DUPLICATE_liquidateur
1032,,,,eggbeater,batteur_à_œufs
1033,,,,eggwhisk,fouet_à_œufs
1034,,,,electric,électrique
1035,,,,whisk,fouet
1037,L03_32,hyponyms - misc,month,,mois
1038,,,,january,janvier
1039,,,,february,février
1040,,,,march,mars
1041,,,,april,avril
1042,,,,may,mai
1043,,,,june,juin
1044,,,,july,juillet
1045,,,,august,auguste
1046,,,,september,septembre
1047,,,,october,octobre
1048,,,,november,novembre
1049,,,,december,décembre
1062,L03_33,hyponyms - misc,oven,,our
1063,,,,broiler,grilloir
1064,,,,dutch_oven,four_à_hollandais
1065,,,,gas_oven,four_à_gaz
1066,,,,rotisserie,rôtisserie
1067,,,,tandoor,tandoor
1069,L03_34,hyponyms - misc,painting,,peinture
1070,,,,watercolor,aquarelle
1071,,,,abstraction,abstraction
1072,,,,cityscape,paysage_urbain
1073,,,,daub,barbouiller
1074,,,,distemper,détrempe
1075,,,,finger-painting,peinture_au_doigt
1076,,,,icon,icône
1077,,,,ikon,ikon
1078,,,,landscape,paysage
1079,,,,miniature,miniature
1080,,,,illumination,illumination
1081,,,,monochrome,monochrome
1082,,,,mural,murale
1083,,,,wall,mur
1084,,,,nude,nu
1085,,,,nude_painting,peinture_nue
1086,,,,oil,huile
1087,,,,pentimento,pentimento
1088,,,,sand,sable
1089,,,,seascape,paysage_marin
1090,,,,waterscape,paysage_aquatique
1091,,,,semi-abstraction,semi-abstraction
1092,,,,still_life,nature_morte
1093,,,,tanka,tanka
1094,,,,water-color,DUPLICATE_aquarelle
1095,,,,watercolour,DUPLICATE_aquarelle
1096,,,,water-colour,DUPLICATE_aquarelle
1097,,,,fresco,fresque
1098,,,,graffitti,graffitti
1100,L03_35,hyponyms - misc,poem,,poème
1101,,,,haiku,haïku
1102,,,,abecedarius,abecedarius
1103,,,,alcaic,alcaïque
1104,,,,alcaic_verse,vers_alcaïque
1105,,,,ballad,ballade
1106,,,,lay,poser
1107,,,,ballade,DUPLICATE_ballade
1108,,,,blank_verse,vers_blancs
1109,,,,elegy,élégie
1110,,,,lament,lamentation
1111,,,,epic_poem,poème_épique
1112,,,,heroic_poem,poème_héroïque
1113,,,,epic,épique
1114,,,,epos,epos
1115,,,,free_verse,vers_libre
1116,,,,vers_libre,lyrique
1117,,,,lyric,rondeau
1118,,,,lyric_poem,rondel
1119,,,,rondeau,sonnet
1120,,,,rondel,tanka
1121,,,,sonnet,terza_rima
1122,,,,tanka,vers
1123,,,,terza_rima,rime
1124,,,,verse,versicle
1125,,,,rhyme,DUPLICATE_rime
1126,,,,versicle,DUPLICATE_versicle
1128,L03_36,hyponyms - misc,railway,,chemin_de_fer
1129,,,,monorail,monorail
1130,,,,cable,câble
1131,,,,funicular,funiculaire
1132,,,,cog,crémaillère
1133,,,,rack,DUPLICATE_crémaillère
1134,,,,elevated,surélevé
1136,,,,overhead,aérien
1137,,,,metro,métro
1138,,,,tube,tube
1139,,,,underground,souterrain
1140,,,,subway,DUPLICATE_métro
1141,,,,rail,rail
1143,L03_37,hyponyms - misc,season,,saison
1144,,,,spring,printemps
1145,,,,harvest,récolte
1146,,,,haying,fenaison
1147,,,,fall,automne
1148,,,,autumn,DUPLICATE_automne
1149,,,,springtime,DUPLICATE_printemps
1150,,,,summer,été
1151,,,,summertime,DUPLICATE_été
1152,,,,winter,hiver
1153,,,,wintertime,DUPLICATE_hiver
1154,,,,rainy,pluvieux
1155,,,,dry,sec
1156,,,,growing,croissance
1157,,,,seedtime,temps_de_semis
1158,,,,sheepshearing,écoute_des_moutons
1159,,,,holiday,vacances
1160,,,,high,haut
1161,,,,peak,pic
1162,,,,off-season,hors_saison
1163,,,,preseason,pré-saison
1164,,,,baseball,baseball
1165,,,,basketball,basket-ball
1166,,,,exhibition,exposition
1167,,,,concert,concert
1168,,,,fishing,pêche
1169,,,,football,football
1170,,,,hockey,hockey
1171,,,,hunting,chasse
1172,,,,social,social
1173,,,,theatrical,théâtre
1174,,,,whitsun,Pentecôte
1175,,,,whitsuntide,DUPLICATE_Pentecôte
1176,,,,whitweek,whitweek
1178,L03_38,hyponyms - misc,seat,,siège
1179,,,,chair,chaise
1180,,,,bench,banc
1181,,,,box,boîte
1182,,,,ottoman,ottoman
1183,,,,pouf,pouf
1184,,,,pouffe,DUPLICATE_pouf
1185,,,,puff,houppette
1186,,,,hassock,hassock
1187,,,,sofa,canapé
1188,,,,couch,DUPLICATE_canapé
1189,,,,lounge,salon
1190,,,,stool,tabouret
1191,,,,toilet,toilettes
1193,L03_39,hyponyms - misc,shelf,,étagère
1194,,,,bookshelf,étagère
1195,,,,hob,plaque_de_cuisson
1196,,,,mantel,cheminée
1197,,,,mantelpiece,DUPLICATE_manteau_de_cheminée
1198,,,,mantle,manteau_de_cheminée
1199,,,,mantlepiece,DUPLICATE_manteau_de_cheminée
1200,,,,chimneypiece,DUPLICATE_cheminée
1201,,,,overmantel,trumeau
1202,,,,berm,berme
1204,L03_40,hyponyms - misc,shirt,,chemise
1205,,,,polo,polo
1206,,,,camise,camise
1207,,,,dashiki,dashiki
1208,,,,daishiki,daishiki
1209,,,,dress,robe
1210,,,,evening,soirée
1211,,,,hair,cheveux
1212,,,,jersey,jersey
1213,,,,t-shirt,t-shirt
1214,,,,tee,tee
1215,,,,kurta,kurta
1216,,,,sport,sport
1217,,,,tank,réservoir
1218,,,,work-shirt,T-shirt_de_travail
1220,L03_41,hyponyms - misc,shoes,,chaussures
1221,,,,sneakers,baskets
1222,,,,anklet,bracelet_de_cheville
1223,,,,baby_shoes,chaussures_pour_bébé
1224,,,,balmoral,balmoral
1225,,,,blucher,blucher
1226,,,,bowling_shoes,chaussures_de_bowling
1227,,,,brogan,brogan
1228,,,,brogue,brogue
1229,,,,clodhopper,clodhopper
1230,,,,work_shoes,chaussures_de_travail
1231,,,,calceus,calceus
1232,,,,chopine,chopine
1233,,,,platform_shoes,chaussures_à_plate-forme
1234,,,,chukka,chukka
1235,,,,boots,bottes
1236,,,,cleats,crampons
1237,,,,congress_shoes,chaussures_de_congrès
1238,,,,gaiters,guêtres
1239,,,,flipper_shoes,chaussures_à_palmes
1240,,,,fin_shoes,DUPLICATE_chaussures_à_palmes
1241,,,,ghillie,ghillie
1242,,,,gillie,gillie
1243,,,,gym_shoes,chaussures_de_sport
1244,,,,tennis_shoes,chaussures_de_tennis
1245,,,,loafers,mocassins
1246,,,,moccasins,DUPLICATE_mocassins
1247,,,,mocassins,DUPLICATE_mocassins
1248,,,,oxford_shoes,chaussures_oxford
1249,,,,pump_shoes,chaussures_à_talon
1250,,,,running_shoes,chaussures_de_course
1251,,,,sabot,sabot
1252,,,,wooden_shoes,chaussures_en_bois
1253,,,,sandals,sandales
1254,,,,slingbacks,escarpins
1255,,,,sling_shoes,chaussures_en_bandoulière
1256,,,,walker_shoes,chaussures_de_marcheur
1257,,,,walking_shoes,chaussures_de_marche
1258,,,,wedgie,wedgie
1259,,,,wing_shoes,chaussures_à_ailettes
1260,,,,tip_shoes,chaussures_à_pointe
1261,,,,stiletto,talons_aiguilles
1262,,,,heeled,talon
1264,L03_42,hyponyms - misc,sofa,,canapé
1265,,,,divan,divan
1266,,,,diwan,diwan
1267,,,,convertible_sofa,canapé_convertible
1268,,,,daybed,lit_de_jour
1269,,,,loveseat,causeuse
1270,,,,settee,canapé
1271,,,,squab,squab
1273,L03_43,hyponyms - misc,song,,chanson
1274,,,,lullaby,berceuse
1275,,,,religious_song,chanson_religieuse
1276,,,,anthem,hymne
1277,,,,aria,aria
1278,,,,ballad,ballade
1279,,,,lay,lay
1280,,,,barcarole,barcarole
1281,,,,barcarolle,barcarolle
1282,,,,ditty,chansonnette
1283,,,,dirge,dirge
1284,,,,coronach,coronach
1285,,,,lament,complainte
1286,,,,requiem,requiem
1287,,,,threnody,chant_funèbre
1288,,,,drinking_song,chanson_à_boire
1289,,,,folk_song,chanson_populaire
1290,,,,folksong,chanson_folklorique
1291,,,,folk_ballad,ballade_folk
1292,,,,lied,lied
1293,,,,love_song,chanson_d'amour
1294,,,,love-song,love-song
1295,,,,cradlesong,cradlesong
1296,,,,berceuse,DUPLICATE_berceuse
1297,,,,oldie,oldie
1298,,,,golden_oldie,vieil_or
1299,,,,partsong,partsong
1300,,,,prothalamion,prothalamion
1301,,,,prothalamium,prothalamium
1302,,,,roundelay,roundelay
1303,,,,scolion,scolion
1304,,,,banquet_song,chanson_de_banquet
1305,,,,serenade,sérénade
1306,,,,torch_song,chanson_de_flambeau
1307,,,,work_song,chanson_de_travail
1309,L03_44,hyponyms - misc,spice,,épice
1310,,,,pepper,poivre
1311,,,,allspice,piment_de_la_Jamaïque
1312,,,,ajwain,ajwain
1313,,,,cumin,cumin
1314,,,,caraway_seed,graine_de_carvi
1315,,,,cardamom,cardamome
1316,,,,cassia,cassia
1317,,,,cayenne,cayenne
1318,,,,celery_seeds,graines_de_céleri
1319,,,,chile_pepper,piment
1320,,,,chile,chile
1321,,,,cinnamon,cannelle
1322,,,,clove,clou_de_girofle
1323,,,,coriander,coriandre
1324,,,,dill,aneth
1325,,,,fennel,fenouil
1326,,,,fenugreek,fenugrec
1327,,,,frankincense,encens
1328,,,,galangal,galanga
1329,,,,garlic,ail
1330,,,,ginger,gingembre
1331,,,,horseradish,raifort
1332,,,,jalapeño,jalapeño
1333,,,,juniper,genièvre
1334,,,,licorice,réglisse
1335,,,,mace,macis
1336,,,,mustard,moutarde
1337,,,,nutmeg,noix_de_muscade
1338,,,,onion,oignon
1339,,,,paprika,paprika
1340,,,,peppercorns,poivre_en_grains
1341,,,,saffron,safran
1342,,,,savory,sarriette
1343,,,,sesame,sésame
1344,,,,anise,anis
1345,,,,sumac,sumac
1346,,,,tabasco,tabasco
1347,,,,tamarind,tamarin
1348,,,,turmeric,curcuma
1349,,,,five_spice_powder,cinq_épices_en_poudre
1350,,,,powdered_ginger,gingembre_en_poudre
1351,,,,chinese_anise,anis_chinois
1352,,,,star_anise,anis_étoilé
1353,,,,star_aniseed,DUPLICATE_anis_étoilé
1355,L03_45,hyponyms - misc,sweater,,pull-over
1356,,,,turtleneck,col_roulé
1357,,,,cardigan,cardigan
1358,,,,pullover,DUPLICATE_pull-over
1359,,,,slipover,DUPLICATE_pull-over
1360,,,,turtle,tortue
1361,,,,polo-neck,col_polo
1363,L03_46,hyponyms - misc,tool,,outil
1364,,,,rake,râteau
1365,,,,abrader,ponceuse
1366,,,,abradant,abrasif
1367,,,,bender,cintreuse
1368,,,,clincher,clincher
1369,,,,comb,peigne
1370,,,,cutting_implement,outil_de_coupe
1371,,,,drill,foret
1372,,,,eolith,éolithe
1373,,,,fork,fourche
1374,,,,gang,gang
1375,,,,garden_tool,outil_de_jardin
1376,,,,lawn_tool,outil_de_gazon
1377,,,,grapnel,grappin
1378,,,,grapple,DUPLICATE_grappin
1379,,,,grappler,DUPLICATE_grappin
1380,,,,grappling_hook,DUPLICATE_grappin
1381,,,,grappling_iron,grappin_à_fer
1382,,,,hack,hack
1383,,,,hand_tool,outil_à_main
1384,,,,hoe,houe
1385,,,,jack,cric
1386,,,,jaws_of_life,mâchoires_de_vie
1387,,,,neolith,néolithe
1388,,,,paleolith,paléolithique
1389,,,,pestle,pilon
1390,,,,muller,muller
1391,,,,pounder,DUPLICATE_pilon
1392,,,,plow,charrue
1393,,,,plough,DUPLICATE_charrue
1394,,,,power_tool,outil_puissant
1395,,,,punch,poinçon
1396,,,,puncher,poinçonneur
1397,,,,ram,bélier
1398,,,,rounder,arrondisseur
1399,,,,saw_set,jeu_de_scies
1400,,,,shaping_tool,outil_de_façonnage
1401,,,,strickle,aiguille
1402,,,,stylus,stylet
1403,,,,style,style
1404,,,,tamp,tampon
1405,,,,tamper,bourreuse
1406,,,,tamping_bar,barre_de_bourrage
1407,,,,tap,robinet
1408,,,,upset,bouleverser
1409,,,,swage,sertissage
1411,L03_47,hyponyms - misc,toy,,jouet
1412,,,,doll,poupée
1413,,,,ball,ballon
1414,,,,balloon,DUPLICATE_ballon
1415,,,,cockhorse,cheval_de_bataille
1416,,,,dolly,dolly
1417,,,,dollhouse,maison_de_poupée
1418,,,,house,maison
1419,,,,frisbee,frisbee
1420,,,,hobby,hobby
1421,,,,hobbyhorse,hobbyhorse
1422,,,,rocking,bascule
1423,,,,horse,cheval
1424,,,,hula-hoop,hula-hoop
1425,,,,jack-in-the-box,jack-in-the-box
1426,,,,jungle,jungle
1427,,,,gym,gymnase
1428,,,,jumping,sautant
1429,,,,jack,jack
1430,,,,kaleidoscope,kaléidoscope
1431,,,,kite,cerf-volant
1432,,,,lego,lego
1433,,,,meccano,meccano
1434,,,,shooter,tireur
1435,,,,pinata,pinata
1436,,,,pinwheel,roue_à_picots
1437,,,,playhouse,maison_de_jeu
1438,,,,wendy,wendy
1439,,,,pogo,pogo
1440,,,,stick,bâton
1441,,,,popgun,popgun
1442,,,,rattle,hochet
1443,,,,sandbox,bac_à_sable
1444,,,,sandpile,tas_de_sable
1445,,,,sandpit,DUPLICATE_bac_à_sable
1446,,,,seesaw,balançoire_à_bascule
1447,,,,teeter,DUPLICATE_balançoire_à_bascule
1448,,,,teeter-totter,DUPLICATE_balançoire_à_bascule
1449,,,,teetertotter,teetertotter
1450,,,,teeterboard,planche_à_bascule
1451,,,,tilting,basculeur
1452,,,,board,planche
1453,,,,dandle,manette
1454,,,,slide,toboggan
1455,,,,playground,aire_de_jeux
1456,,,,sliding,DUPLICATE_toboggan
1457,,,,slingshot,frondeur
1458,,,,sling,fronde
1459,,,,catapult,catapulte
1460,,,,swing,balançoire
1461,,,,teddy,ours_en_peluche
1462,,,,bear,ours
1463,,,,top,haut
1464,,,,whirligig,tourbillon
1465,,,,teetotum,teetotum
1466,,,,spinning,filature
1467,,,,train,train
1468,,,,water_pistol,pistolet_à_eau
1469,,,,gun,pistolet
1470,,,,squirt,gicleur
1471,,,,squirter,DUPLICATE_gicleur
1472,,,,yo-yo,yo-yo
1474,L03_48,hyponyms - misc,trousers,,pantalon
1475,,,,jeans,jeans
1476,,,,bellbottom_trousers,pantalons_à_pattes_d'éléphant
1477,,,,bell-bottoms,pantalon_à_clochettes
1478,,,,bellbottom_pants,DUPLICATE_pantalon_à_clochettes
1479,,,,breeches,culotte_de_cheval
1480,,,,knee_breeches,culotte_au_genou
1481,,,,knee_pants,pantalon_à_genoux
1482,,,,knickerbockers,culottes__de_golf
1483,,,,knickers,culottes
1484,,,,chino,chino
1485,,,,churidars,churidars
1486,,,,cords,cordons
1487,,,,corduroys,velours_côtelé
1488,,,,flannel,flanelle
1489,,,,gabardine,gabardine
1490,,,,tweed,tweed
1491,,,,white,blanc
1492,,,,jean,jean
1493,,,,blue_jean,jean_bleu
1494,,,,denim,DUPLICATE_jean
1495,,,,jodhpurs,jodhpurs
1496,,,,jodhpur_breeches,culottes_de_jodhpur
1497,,,,riding_breeches,DUPLICATE_culotte_de_cheval
1498,,,,long_trousers,pantalon_long
1499,,,,long_pants,DUPLICATE_pantalon_long
1500,,,,pajama,DUPLICATE_pyjama
1501,,,,pyjama,pyjama
1502,,,,pantaloon,pantalon
1503,,,,pedal_pusher,pousseur_de_pédale
1504,,,,toreador_pants,pantalon_de_toréador
1505,,,,salwar,salwar
1506,,,,shalwar,shalwar
1507,,,,short_pants,pantalon_court
1508,,,,shorts,short
1509,,,,trunks,maillots_de_bain
1510,,,,slacks,DUPLICATE_pantalon
1511,,,,stretch_pants,pantalon_stretch
1512,,,,sweat_pants,DUPLICATE_pantalon_de_survêtement
1513,,,,sweatpants,pantalons_de_survêtement
1514,,,,trews,trews
1515,,,,britches,DUPLICATE_culottes
1516,,,,buckskins,daims
1517,,,,plus_fours,plus_fours
1518,,,,trunk_hose,tuyau_de_coffre
1519,,,,levi's,levi's
1520,,,,levis,levis
1521,,,,bermuda_shorts,bermuda
1522,,,,jamaica_shorts,jamaica_shorts
1523,,,,hot_pants,pantalon_chaud
1524,,,,lederhosen,lederhosen
1526,L03_49,hyponyms - misc,weapon,,arme
1527,,,,gun,arme_à_feu
1528,,,,bow,arc
1529,,,,arrow,flèche
1530,,,,dart,fléchette
1531,,,,knucks,knucks
1532,,,,knuckles,jarrets
1533,,,,flamethrower,lance-flammes
1534,,,,knife,couteau
1535,,,,missile,missile
1536,,,,pike,pique
1537,,,,projectile,projectile
1538,,,,slasher,slasher
1539,,,,sling,fronde
1540,,,,spear,lance
1541,,,,lance,DUPLICATE_lance
1542,,,,shaft,DUPLICATE_lance
1543,,,,stun,paralysant
1544,,,,baton,bâton
1545,,,,sword,épée
1546,,,,blade,lame
1547,,,,brand,marque
1548,,,,steel,acier
1549,,,,tomahawk,tomahawk
1550,,,,hatchet,hachette
1551,,,,fire,feu
1553,L03_50,hyponyms - misc,weekday,,jour_de_la_semaine
1554,,,,monday,lundi
1555,,,,workday,jour_ouvrable
1556,,,,working_day,jour_travail
1557,,,,work_day,DUPLICATE_jour_travail
1558,,,,feria,ferié
1559,,,,mon,lun
1560,,,,tuesday,mardi
1561,,,,tues,DUPLICATE_mardi
1562,,,,wednesday,mercredi
1563,,,,midweek,milieu_de_semaine
1564,,,,wed,DUPLICATE_mercredi
1565,,,,thursday,jeudi
1566,,,,th,th
1567,,,,friday,vendredi
1568,,,,fri,DUPLICATE_vendredi
1569,,,,saturday,samedi
1570,,,,sabbatum,sabbatum
1571,,,,sat,sam
