,ID,Relation,Source,Target,DE
0,L01_1,hypernyms - animals,allosaurus,,Allosaurus
1,,,,dinosaur,Dinosaurier
2,,,,reptile,Reptil
3,,,,bird,Vogel
4,,,,archosaur,Archosaurier
5,,,,archosaurian,DUPLICATE_Archosaurier
6,,,,archosaurian_reptile,Archosauria
7,,,,,Kriechtier
8,L01_2,hypernyms - animals,anaconda,,Anakonda
9,,,,snake,Schlange
10,,,,reptile,Reptil
11,,,,boa,Boa
12,,,,serpent,Serpentes
13,,,,ophidian,DUPLICATE_Schlange
14,,,,,Riesenschlange
15,L01_3,hypernyms - animals,ant,,Ameise
16,,,,insect,Insekt
17,,,,invertebrate,Invertebrata
18,,,,creature,Geschöpf
19,,,,beast,Wildtier
20,,,,hymenopteran,Hymenoptera
21,,,,being,Wesen
22,,,,animal,Tier
23,,,,organism,Organismus
24,,,,fauna,Fauna
25,,,,arthropod,Gliederfüßer
26,,,,hymenopterous_insect,hymenopterisches_Insekt
27,,,,animate_being,lebendes_Wesen
28,,,,physical_hymenopteron,physischer_Hautflügler
29,,,,physical_entity,physische_Entität
30,,,,hymenopter,Hautflügler
31,,,,living_thing,Lebewesen
33,L01_4,hypernyms - animals,beaver,,Biber
34,,,,rodent,Nagetier
35,,,,vertebrate,Wirbeltier
36,,,,creature,Geschöpf
37,,,,beast,Wildtier
38,,,,animal,Tier
39,,,,organism,Organismus
40,,,,fauna,Fauna
41,,,,placental,plazental
42,,,,chordate,Chordatier
43,,,,eutherian,Eutheria
44,,,,mammal,Säugetier
45,,,,mammalian,Mammalia
46,,,,eutherian_mammal,DUPLICATE_höheres_Säugetier
47,,,,gnawer,Nager
48,,,,animate_being,lebendes_Wesen
49,,,,living_thing,Lebewesen
50,,,,placental_mammal,höheren_Säugetiere
51,,,,craniate,Schädeltiere
52,,,,,Pflanzenfresser
53,L01_5,hypernyms - animals,bee,,Biene
54,,,,insect,Insekt
55,,,,invertebrate,Invertebrata
56,,,,creature,Geschöpf
57,,,,beast,Wildtier
58,,,,hymenopteran,Hymenoptera
59,,,,being,Wesen
60,,,,animal,Tier
61,,,,organism,Organismus
62,,,,fauna,Fauna
63,,,,arthropod,Gliederfüßer
64,,,,hymenopterous_insect,hymenopterisches_Insekt
65,,,,animate_being,lebendes_Wesen
66,,,,hymenopteron,DUPLICATE_Hymenoptera
67,,,,hymenopter,Hautflügler
68,,,,living_thing,Lebewesen
70,,,,,"Bestäuberinsekt,Stechimme"
71,L01_6,hypernyms - animals,beetle,,Käfer
72,,,,insect,Insekt
73,,,,invertebrate,Invertebrata
74,,,,creature,Geschöpf
75,,,,beast,Wildtier
76,,,,being,Wesen
77,,,,animal,Tier
78,,,,organism,Organismus
79,,,,fauna,Fauna
80,,,,arthropod,Gliederfüßer
81,,,,animate_being,lebendes_Wesen
82,,,,living_thing,Lebewesen
83,,,,,Sechsfüßer
84,L01_7,hypernyms - animals,buffalo,,Büffel
85,,,,bovid,Rinderartige
86,,,,mammal,Säugetier
87,,,,bison,Bison
88,,,,cow,Rind
89,,,,vertebrate,Wirbeltier
90,,,,creature,Geschöpf
91,,,,ungulate,Huftier
92,,,,beast,Wildtier
93,,,,being,Wesen
94,,,,animal,Tier
95,,,,organism,Organismus
96,,,,fauna,Fauna
97,,,,placental,Plazentatier
98,,,,artiodactyl,Artiodactyla
99,,,,ruminant,Wiederkäuer
100,,,,chordate,Chordatier
101,,,,eutherian,Eutheria
102,,,,mammalian,Mammalia
103,,,,bovine,Bovinae
104,,,,animate_being,lebendes_Wesen
105,,,,eutherian_mammal,DUPLICATE_höheres_Säugetier
106,,,,placental_mammal,höheres_Säugetier
107,,,,craniate,Schädeltier
108,,,,physical_hoofed_mammal,physisches_Hufsäugetier
109,,,,physical_entity,physische_Entität
110,,,,even-toed_ungulate,Paarhufer
111,,,,artiodactyl_mammal,paarhufiges_Säugetier
112,,,,living_thing,Lebewesen
113,,,,,Hornträger
114,L01_8,hypernyms - animals,butterfly,,Schmetterling
115,,,,insect,Insekt
116,,,,creature,Geschöpf
117,,,,beast,Wildtier
118,,,,lepidopteran,Lepidoptera
119,,,,animal,Tier
120,,,,organism,Organismus
121,,,,fauna,Fauna
122,,,,arthropod,Gliederfüßer
123,,,,lepidopterous_insect,Schmetterlingsfamilie
124,,,,lepidopteron,DUPLICATE_Lepidoptera
125,,,,animate_being,lebendes_Wesen
126,,,,living_thing,Lebewesen
127,,,,,Sechsfüßer
128,L01_9,hypernyms - animals,cat,,Katze
129,,,,feline,Katzenartige
130,,,,beast,Wildtier
131,,,,animal,Tier
132,,,,organism,Organismus
133,,,,fauna,Fauna
134,,,,placental,Plazentatier
135,,,,carnivore,Fleischfresser
136,,,,chordate,Chordatier
137,,,,felid,Felidae
138,,,,eutherian,Eutheria
139,,,,mammal,Säugetier
140,,,,mammalian,Mammalia
141,,,,eutherian_mammal,DUPLICATE_höheres_Säugetier
142,,,,animate_being,lebendes_Wesen
143,,,,placental_mammal,höheres_Säugetier
144,,,,craniate,Schädeltier
145,,,,,Raubtiere
146,L01_10,hypernyms - animals,chicken,,Huhn
147,,,,fowl,Federvieh
148,,,,bird,Vogel
149,,,,vertebrate,Wirbeltier
150,,,,poultry,Geflügel
152,,,,beast,Wildtier
153,,,,being,Wesen
154,,,,animal,Tier
155,,,,organism,Organismus
156,,,,fauna,Fauna
157,,,,chordate,Chordatier
158,,,,domestic_fowl,Hausgeflügel
159,,,,animate_being,lebendes_Wesen
160,,,,gallinaceous_bird,Hühnervogel
161,,,,craniate,Schädeltier
162,,,,gallinacean,Galliformes
163,,,,living_thing,Lebewesen
164,,,,Insekt,Geschöpf
166,L01_11,hypernyms - animals,chimpanzee,,Schimpanse
167,,,,primate,Primat
168,,,,vertebrate,Wirbeltier
169,,,,creature,Geschöpf
170,,,,beast,Wildtier
171,,,,being,Wesen
172,,,,animal,Tier
173,,,,organism,Organismus
174,,,,fauna,Fauna
175,,,,placental,Plazentatier
176,,,,hominid,Homonide
177,,,,chordate,Chordatier
178,,,,eutherian,Eutheria
179,,,,mammal,Säugetier
180,,,,ape,Affe
181,,,,mammalian,Mammalia
182,,,,animate_being,lebendes_Wesen
183,,,,eutherian_mammal,DUPLICATE_höheres_Säugetier
184,,,,placental_mammal,höheres_Säugetier
185,,,,craniate,Schädeltier
186,,,,physical_physical_entity,physische_Entität
187,,,,living_thing,Lebewesen
188,,,,,"Menschenaffe,Pflanzenfresser"
189,L01_12,hypernyms - animals,chinchilla,,Chinchilla
190,,,,rodent,Nagetier
191,,,,vertebrate,Wirbeltier
192,,,,creature,Geschöpf
193,,,,beast,Wildtier
194,,,,animal,Tier
195,,,,organism,Organismus
196,,,,fauna,Fauna
197,,,,placental,Plazentatier
198,,,,chordate,Chordatier
199,,,,eutherian,Eutheria
200,,,,mammal,Säugetier
201,,,,mammalian,Mammalia
202,,,,eutherian_mammal,DUPLICATE_höheres_Säugetier
203,,,,gnawer,Nager
204,,,,animate_being,lebendes_Wesen
205,,,,living_thing,Lebewesen
206,,,,placental_mammal,höheres_Säugetier
207,,,,craniate,Schädeltier
208,,,,,"Pflanzenfresser,Rodentia"
209,L01_13,hypernyms - animals,cobra,,Kobra
210,,,,snake,Schlange
211,,,,reptile,Reptil
212,,,,elapid,Giftnatter
213,,,,elapid_snake,Giftschlange
214,,,,serpent,Serpentes
215,,,,ophidian,DUPLICATE_Schlange
216,,,,,Oviparie
217,L01_14,hypernyms - animals,cockroach,,Kakerlake
218,,,,insect,Insekt
219,,,,invertebrate,Invertebrata
220,,,,creature,Geschöpf
221,,,,beast,Wildtier
222,,,,dictyopterous_insect,Dictyoptera
223,,,,being,Wesen
224,,,,animal,Tier
225,,,,organism,Organismus
226,,,,fauna,Fauna
227,,,,arthropod,Gliederfüßer
228,,,,animate_being,lebendes_Wesen
229,,,,physical_entity,physische_Entität
230,,,,living_thing,Lebewesen
233,L01_15,hypernyms - animals,cow,,Rind
234,,,,bovid,Rinderartige
235,,,,mammal,Säugetier
236,,,,cattle,Hausrind
237,,,,vertebrate,Wirbeltier
238,,,,creature,Geschöpf
239,,,,ungulate,Huftier
240,,,,beast,Wildtier
241,,,,being,Wesen
242,,,,animal,Tier
243,,,,organism,Organismus
244,,,,fauna,Fauna
245,,,,placental,Plazentatier
246,,,,artiodactyl,Artiodactyla
247,,,,ruminant,Wiederkäuer
248,,,,chordate,Chordatier
249,,,,eutherian,Eutheria
250,,,,mammalian,Mammalia
251,,,,animate_being,lebendes_Wesen
252,,,,eutherian_mammal,DUPLICATE_höheres_Säugetier
253,,,,placental_mammal,höheres_Säugetier
254,,,,craniate,Schädeltier
255,,,,physical_hoofed_mammal,physisches_Hufsäugetier
256,,,,physical_entity,physische_Entität
257,,,,even-toed_ungulate,Paarhufer
258,,,,artiodactyl_mammal,paarhufiges_Säugetier
259,,,,living_thing,Lebewesen
260,,,,,"Hornträger,Pflanzenfresser"
261,L01_16,hypernyms - animals,coyote,,Kojote
262,,,,canine,hundeartig
263,,,,vertebrate,Wirbeltier
264,,,,creature,Geschöpf
265,,,,beast,Wildtier
266,,,,canid,Canide
267,,,,being,Wesen
268,,,,animal,Tier
269,,,,organism,Organismus
270,,,,fauna,Fauna
271,,,,placental,Plazentatier
272,,,,carnivore,Fleischfresser
273,,,,chordate,Chordatier
274,,,,eutherian,Eutheria
275,,,,mammal,Säugetier
276,,,,mammalian,Mammalia
277,,,,animate_being,lebendes_Wesen
278,,,,eutherian_mammal,DUPLICATE_höheres_Säugetier
279,,,,locomote,Fortbewegung
280,,,,placental_mammal,höheres_Säugetier
281,,,,craniate,Schädeltier
282,,,,domesticated_animal,domestiziertes_Tier
283,,,,physical_entity,physische_Entität
284,,,,domestic_animal,Haustier
285,,,,living_thing,Lebewesen
286,,,,,"Raubtier,Steppenwolf"
287,L01_17,hypernyms - animals,deer,,Hirsch
288,,,,bovid,Rinderartige
289,,,,mammal,Säugetier
290,,,,vertebrate,Wirbeltier
291,,,,creature,Geschöpf
292,,,,ungulate,Huftier
293,,,,beast,Wildtier
294,,,,being,Wesen
295,,,,animal,Tier
296,,,,organism,Organismus
297,,,,fauna,Fauna
298,,,,placental,Plazentatier
299,,,,artiodactyl,Artiodactyla
300,,,,ruminant,Wiederkäuer
301,,,,chordate,Chordatier
302,,,,eutherian,Eutheria
303,,,,mammalian,Mammalia
304,,,,bovine,Bovinae
305,,,,animate_being,lebendes_Wesen
306,,,,eutherian_mammal,DUPLICATE_höheres_Säugetier
307,,,,placental_mammal,höheres_Säugetier
308,,,,craniate,Schädeltier
309,,,,physical_hoofed_mammal,physisches_Hufsäugetier
310,,,,physical_entity,physische_Entität
311,,,,even-toed_ungulate,Paarhufer
312,,,,artiodactyl_mammal,paarhufiges_Säugetier
313,,,,living_thing,Lebewesen
315,,,,,"Geweihträger,Cervidae"
316,L01_18,hypernyms - animals,dog,,Hund
317,,,,canine,hundeartig
318,,,,vertebrate,Wirbeltier
319,,,,creature,Geschöpf
320,,,,beast,Wildtier
321,,,,canid,Canide
322,,,,being,Wesen
323,,,,animal,Tier
324,,,,organism,Organismus
325,,,,fauna,Fauna
326,,,,placental,Plazentatier
327,,,,carnivore,Fleischfresser
328,,,,chordate,Chordatier
329,,,,eutherian,Eutheria
330,,,,mammal,Säugetier
331,,,,mammalian,Mammalia
332,,,,animate_being,lebendes_Wesen
333,,,,eutherian_mammal,DUPLICATE_höheres_Säugetier
334,,,,locomote,Fortbewegung
335,,,,placental_mammal,höheres_Säugetier
336,,,,craniate,Schädeltier
337,,,,domesticated_animal,domestiziertes_Tier
338,,,,physical_entity,physische_Entität
339,,,,domestic_animal,Haustier
340,,,,living_thing,Lebewesen
341,,,,,Rudeltier
342,L01_19,hypernyms - animals,duck,,Ente
343,,,,fowl,Federvieh
344,,,,bird,Vogel
345,,,,vertebrate,Wirbeltier
346,,,,poultry,Geflügel
347,,,,creature,Geschöpf
348,,,,beast,Wildtier
349,,,,being,Wesen
350,,,,animal,Tier
351,,,,organism,Organismus
352,,,,fauna,Fauna
353,,,,chordate,Chordatier
354,,,,domestic_fowl,Hausgeflügel
355,,,,waterfowl,Wasservogel
356,,,,water_fowl,DUPLICATE_Wasservogel
357,,,,animate_being,lebendes_Wesen
358,,,,anseriform_bird,Gänsevogel
359,,,,craniate,Schädeltier
360,,,,living_thing,Lebewesen
361,,,,,Schwimmvogel
362,L01_20,hypernyms - animals,eagle,,Adler
363,,,,raptor,Raubvogel
364,,,,bird,Vogel
365,,,,vertebrate,Wirbeltier
366,,,,creature,Geschöpf
367,,,,beast,Wildtier
368,,,,being,Wesen
369,,,,animal,Tier
370,,,,organism,Organismus
371,,,,fauna,Fauna
372,,,,chordate,Chordatier
373,,,,animate_being,lebendes_Wesen
374,,,,craniate,Schädeltier
376,,,,raptorial_bird,DUPLICATE_Raubvogel
377,,,,bird_of_prey,Greifvogel
378,,,,living_thing,Lebewesen
379,,,,,Accipitridae
380,L01_21,hypernyms - animals,falcon,,Falke
381,,,,raptor,Raubvogel
382,,,,bird,Vogel
383,,,,vertebrate,Wirbeltier
384,,,,creature,Geschöpf
385,,,,beast,Wildtier
386,,,,being,Wesen
387,,,,animal,Tier
388,,,,organism,Organismus
389,,,,fauna,Fauna
390,,,,chordate,Chordatier
391,,,,animate_being,lebendes_Wesen
392,,,,craniate,Schädeltier
393,,,,living_thing,Lebewesen
394,,,,raptorial_bird,DUPLICATE_Raubvogel
395,,,,bird_of_prey,Greifvogel
396,,,,,Falco
397,L01_22,hypernyms - animals,fox,,Fuchs
398,,,,canine,hundeartig
399,,,,vertebrate,Wirbeltier
400,,,,creature,Geschöpf
401,,,,beast,Wildtier
402,,,,canid,Canide
403,,,,being,Wesen
404,,,,animal,Tier
405,,,,organism,Organismus
406,,,,fauna,Fauna
407,,,,placental,Plazentatier
408,,,,carnivore,Fleischfresser
409,,,,chordate,Chordatier
410,,,,eutherian,Eutheria
411,,,,mammal,Säugetier
412,,,,mammalian,Mammalia
413,,,,animate_being,lebendes_Wesen
414,,,,eutherian_mammal,DUPLICATE_höheres_Säugetier
415,,,,locomote,Fortbewegung
416,,,,placental_mammal,höheres_Säugetier
417,,,,craniate,Schädeltier
418,,,,domesticated_animal,domestiziertes_Tier
419,,,,physical_entity,physische_Entität
420,,,,domestic_animal,Haustier
421,,,,living_thing,Lebewesen
422,,,,,Waldbewohner
423,L01_23,hypernyms - animals,gibbon,,Gibbon
424,,,,primate,Primat
425,,,,vertebrate,Wirbeltier
426,,,,creature,Geschöpf
427,,,,beast,Wildtier
428,,,,being,Wesen
429,,,,animal,Tier
430,,,,organism,Organismus
431,,,,fauna,Fauna
432,,,,placental,Plazentatier
433,,,,chordate,Chordatier
434,,,,eutherian,Eutheria
435,,,,mammal,Säugetier
436,,,,ape,Affe
437,,,,mammalian,Mammalia
438,,,,animate_being,lebendes_Wesen
439,,,,eutherian_mammal,DUPLICATE_höheres_Säugetier
440,,,,placental_mammal,höheres_Säugetier
441,,,,craniate,Schädeltier
442,,,,physical_physical_entity,physische_Entität
443,,,,living_thing,Lebewesen
445,,,,,Menschenaffe
446,L01_24,hypernyms - animals,goat,,Ziege
447,,,,bovid,Rinderartige
448,,,,mammal,Säugetier
449,,,,vertebrate,Wirbeltier
450,,,,ungulate,Huftier
451,,,,beast,Wildtier
452,,,,being,Wesen
453,,,,animal,Tier
454,,,,organism,Organismus
455,,,,fauna,Fauna
456,,,,placental,Plazentatier
457,,,,artiodactyl,Artiodactyla
458,,,,chordate,Chordatier
459,,,,eutherian,Eutheria
460,,,,mammalian,Mammalia
461,,,,animate_being,lebendes_Wesen
462,,,,eutherian_mammal,DUPLICATE_höheres_Säugetier
463,,,,placental_mammal,höheres_Säugetier
464,,,,craniate,Schädeltier
465,,,,hoofed_mammal,Hufsäugetier
466,,,,even-toed_ungulate,Paarhufer
467,,,,artiodactyl_mammal,paarhufiges_Säugetier
468,,,,living_thing,Lebewesen
469,,,,,"Pflanzenfresser,Hornträger"
470,L01_25,hypernyms - animals,goose,,Gans
471,,,,fowl,Federvieh
472,,,,bird,Vogel
473,,,,vertebrate,Wirbeltier
474,,,,poultry,Geflügel
475,,,,creature,Geschöpf
476,,,,beast,Wildtier
477,,,,being,Wesen
478,,,,animal,Tier
479,,,,organism,Organismus
480,,,,fauna,Fauna
481,,,,chordate,Chordatier
482,,,,domestic_fowl,Hausgeflügel
483,,,,waterfowl,Wasservogel
484,,,,water_fowl,DUPLICATE_waterfowl
485,,,,animate_being,lebendes_Wesen
486,,,,anseriform_bird,Gänsevogel
487,,,,craniate,Schädeltier
488,,,,living_thing,Lebewesen
489,,,,,"Nutztier,Weibchen"
490,L01_26,hypernyms - animals,gorilla,,Gorilla
491,,,,primate,Primat
492,,,,vertebrate,Wirbeltier
493,,,,creature,Geschöpf
494,,,,beast,Wildtier
495,,,,being,Wesen
496,,,,animal,Tier
497,,,,organism,Organismus
498,,,,fauna,Fauna
499,,,,placental,Plazentatier
500,,,,hominid,Homonide
501,,,,chordate,Chordatier
502,,,,eutherian,DUPLICATE_Plazentatier
503,,,,mammal,Säugetier
504,,,,ape,Affe
505,,,,mammalian,Mammalia
506,,,,animate_being,lebendes_Wesen
507,,,,eutherian_mammal,DUPLICATE_höheres_Säugetier
508,,,,placental_mammal,höheres_Säugetier
509,,,,craniate,Schädeltier
510,,,,physical_physical_entity,physische_Entität
511,,,,living_thing,Lebewesen
512,,,,,"Menschenaffe,Pflanzenfresser,Gattung"
513,L01_27,hypernyms - animals,hawk,,Falke
514,,,,raptor,Raubvogel
515,,,,bird,Vogel
516,,,,vertebrate,Wirbeltier
517,,,,creature,Geschöpf
518,,,,beast,Wildtier
519,,,,being,Wesen
520,,,,animal,Tier
521,,,,organism,Organismus
522,,,,fauna,Fauna
523,,,,chordate,Chordatier
524,,,,animate_being,lebendes_Wesen
525,,,,craniate,Schädeltier
526,,,,living_thing,Lebewesen
527,,,,raptorial_bird,DUPLICATE_Raubvogel
528,,,,bird_of_prey,Greifvogel
529,,,,,Raubtier
530,L01_28,hypernyms - animals,human,,Mensch
531,,,,primate,Primat
532,,,,vertebrate,Wirbeltier
533,,,,creature,Geschöpf
534,,,,beast,Wildtier
535,,,,being,Wesen
536,,,,animal,Tier
537,,,,organism,Organismus
538,,,,fauna,Fauna
539,,,,placental,Plazentatier
540,,,,hominid,Homonide
541,,,,chordate,Chordatier
542,,,,eutherian,Eutheria
543,,,,mammal,Säugetier
544,,,,ape,Affe
545,,,,mammalian,Mammalia
546,,,,animate_being,lebendes_Wesen
547,,,,eutherian_mammal,DUPLICATE_höheres_Säugetier
548,,,,placental_mammal,höheres_Säugetier
549,,,,craniate,Schädeltier
550,,,,physical_physical_entity,physische_Entität
551,,,,living_thing,Lebewesen
552,,,,,"Gattung,Menschenaffe"
553,L01_29,hypernyms - animals,jackal,,Schakal
554,,,,canine,hundeartig
555,,,,vertebrate,Wirbeltier
556,,,,creature,Geschöpf
557,,,,beast,Wildtier
558,,,,canid,Canide
559,,,,being,Wesen
560,,,,animal,Tier
561,,,,organism,Organismus
562,,,,fauna,Fauna
563,,,,placental,Plazentatier
564,,,,carnivore,Fleischfresser
565,,,,chordate,Chordatier
566,,,,eutherian,Eutheria
567,,,,mammal,Säugetier
568,,,,mammalian,Mammalia
569,,,,animate_being,lebendes_Wesen
570,,,,eutherian_mammal,DUPLICATE_höheres_Säugetier
571,,,,locomote,Fortbewegung
572,,,,placental_mammal,höheres_Säugetier
573,,,,craniate,Schädeltier
574,,,,domesticated_animal,domestiziertes_Tier
575,,,,physical_entity,physische_Entität
576,,,,domestic_animal,Haustier
577,,,,living_thing,Lebewesen
578,,,,,"Wildhund,Raubtier,nachtaktiv"
579,L01_30,hypernyms - animals,jaguar,,Jaguar
580,,,,feline,Katzenartige
581,,,,cat,Katze
582,,,,beast,Wildtier
583,,,,animal,Tier
584,,,,organism,Organismus
585,,,,fauna,Fauna
586,,,,placental,Plazentatier
587,,,,carnivore,Fleischfresser
588,,,,chordate,Chordatier
589,,,,felid,Felidae
590,,,,eutherian,Eutheria
591,,,,mammal,Säugetier
592,,,,mammalian,Mammalia
593,,,,eutherian_mammal,DUPLICATE_höheres_Säugetier
594,,,,animate_being,lebendes_Wesen
595,,,,placental_mammal,höheres_Säugetier
596,,,,craniate,Schädeltier
597,,,,big_cat,Großkatze
598,,,,,"Raubtier,Raubkatze"
599,L01_31,hypernyms - animals,leopard,,Leopard
600,,,,feline,Katzenartige
601,,,,cat,Katze
602,,,,beast,Wildtier
603,,,,animal,Tier
604,,,,organism,Organismus
605,,,,fauna,Fauna
606,,,,placental,Plazentatier
607,,,,carnivore,Fleischfresser
608,,,,causal_agent,NO_TRANSLATION
609,,,,chordate,Chordatier
610,,,,felid,felid
611,,,,eutherian,Eutheria
612,,,,mammal,Säugetier
613,,,,mammalian,Mammalia
614,,,,eutherian_mammal,DUPLICATE_höheres_Säugetier
615,,,,animate_being,lebendes_Wesen
616,,,,placental_mammal,höheres_Säugetier
617,,,,craniate,Schädeltier
618,,,,big_cat,Großkatze
619,,,,,"Raubtier,Wappentier,Raubkatze"
620,L01_32,hypernyms - animals,lion,,Löwe
621,,,,feline,Katzenartige
622,,,,cat,Katze
623,,,,beast,Wildtier
624,,,,animal,Tier
625,,,,organism,Organismus
626,,,,fauna,Fauna
627,,,,placental,Plazentatier
628,,,,carnivore,Fleischfresser
629,,,,chordate,Chordatier
630,,,,felid,Felidae
631,,,,eutherian,Eutheria
632,,,,mammal,Säugetier
633,,,,mammalian,Mammalia
634,,,,eutherian_mammal,DUPLICATE_höheres_Säugetier
635,,,,animate_being,lebendes_Wesen
636,,,,placental_mammal,höheres_Säugetier
637,,,,craniate,Schädeltier
638,,,,big_cat,Großkatze
639,,,,,"Raubtier,Rudeltier"
640,L01_33,hypernyms - animals,mamba,,Mamba
641,,,,snake,Schlange
642,,,,reptile,Reptil
643,,,,elapid,Giftnatter
644,,,,elapid_snake,Giftschlange
645,,,,serpent,Serpentes
646,,,,ophidian,DUPLICATE_Schlange
647,,,,,Schuppenkriechtier
648,L01_34,hypernyms - animals,mouse,,Maus
649,,,,rodent,Nagetier
650,,,,vertebrate,Wirbeltier
651,,,,creature,Geschöpf
652,,,,beast,Wildtier
653,,,,animal,Tier
654,,,,organism,Organismus
655,,,,fauna,Fauna
656,,,,placental,Plazentatier
657,,,,chordate,Chordatier
658,,,,eutherian,Eutheria
659,,,,mammal,Säugetier
660,,,,mammalian,Mammalia
661,,,,eutherian_mammal,DUPLICATE_höheres_Säugetier
662,,,,gnawer,Nager
663,,,,animate_being,lebendes_Wesen
664,,,,living_thing,Lebewesen
665,,,,placental_mammal,höheres_Säugetier
666,,,,craniate,Schädeltier
668,,,,,"Alttweltmaus,nachtaktiv"
669,L01_35,hypernyms - animals,orangutan,,Orang-Utan
670,,,,primate,Primat
671,,,,vertebrate,Wirbeltier
672,,,,creature,Geschöpf
673,,,,beast,Wildtier
674,,,,being,Wesen
675,,,,animal,Tier
676,,,,organism,Organismus
677,,,,fauna,Fauna
678,,,,placental,Plazentatier
679,,,,hominid,Homonide
680,,,,chordate,Chordatier
681,,,,eutherian,Eutheria
682,,,,mammal,Säugetier
683,,,,ape,Affe
684,,,,mammalian,Mammalia
685,,,,animate_being,lebendes_Wesen
686,,,,eutherian_mammal,DUPLICATE_höheres_Säugetier
687,,,,placental_mammal,höheres_Säugetier
688,,,,craniate,Schädeltier
689,,,,physical_physical_entity,physische_Entität
690,,,,living_thing,Lebewesen
691,,,,,"Menschenaffe,Pflanzenfresser"
692,L01_36,hypernyms - animals,owl,,Eule
693,,,,raptor,Raubvogel
694,,,,bird,Vogel
695,,,,vertebrate,Wirbeltier
696,,,,creature,Geschöpf
697,,,,beast,Wildtier
698,,,,being,Wesen
699,,,,animal,Tier
700,,,,organism,Organismus
701,,,,fauna,Fauna
702,,,,chordate,Chordatier
703,,,,animate_being,lebendes_Wesen
704,,,,craniate,Schädeltier
705,,,,living_thing,Lebewesen
706,,,,raptorial_bird,DUPLICATE_Raubvogel
707,,,,bird_of_prey,Greifvogel
708,,,,,"nachtaktiv,Wappentier"
709,L01_37,hypernyms - animals,pony,,Pony
710,,,,bovid,Rinderartige
711,,,,mammal,Säugetier
712,,,,horse,Pferd
713,,,,vertebrate,Wirbeltier
714,,,,creature,Geschöpf
715,,,,beast,Wildtier
716,,,,animal,Tier
717,,,,organism,Organismus
718,,,,fauna,Fauna
719,,,,placental,Plazentatier
720,,,,eutherian,Eutheria
721,,,,equine,Pferdeartig
722,,,,mammalian,Mammalia
723,,,,equid,Einhufer
724,,,,living_thing,Lebewesen
725,,,,odd-toed_ungulate,Unpaarhufer
726,,,,animate_being,lebendes_Wesen
727,,,,eutherian_mammal,DUPLICATE_höheres_Säugetier
728,,,,perissodactyl,Perissodactyla
729,,,,placental_mammal,höheres_Säugetier
730,,,,craniate,Schädeltier
731,,,,hoofed_mammal,Huftier
732,,,,physical_entity,physische_Entität
733,,,,perissodactyl_mammal,DUPLICATE_Perissodactyla
734,,,,equus_caballus,Hauspferd
735,,,,,"domestiziertes_Tier,Pflanzenfresser"
736,L01_38,hypernyms - animals,porcupine,,Stachelschwein
737,,,,rodent,Nagetier
738,,,,vertebrate,Wirbeltier
739,,,,creature,Geschöpf
740,,,,beast,Wildtier
741,,,,animal,Tier
742,,,,organism,Organismus
743,,,,fauna,Fauna
744,,,,placental,Plazentatier
745,,,,chordate,Chordatier
746,,,,eutherian,Eutheria
747,,,,mammal,Säugetier
748,,,,mammalian,Mammalia
749,,,,eutherian_mammal,DUPLICATE_höheres_Säugetier
750,,,,gnawer,Nager
751,,,,animate_being,lebendes_Wesen
752,,,,living_thing,Lebewesen
753,,,,placental_mammal,höheres_Säugetier
754,,,,craniate,Schädeltier
755,,,,,"Allesfresser,nachtaktiv"
756,L01_39,hypernyms - animals,quail,,Wachtel
757,,,,fowl,Federvieh
758,,,,bird,Vogel
759,,,,vertebrate,Wirbeltier
760,,,,poultry,Geflügel
761,,,,creature,Geschöpf
762,,,,beast,Wildtier
763,,,,being,Wesen
764,,,,animal,Tier
765,,,,organism,Organismus
766,,,,fauna,Fauna
767,,,,chordate,Chordatier
768,,,,wild_fowl,Wildgeflügel
769,,,,wildfowl,DUPLICATE_Wildgeflügel
770,,,,animate_being,lebendes_Wesen
771,,,,gallinaceous_bird,Hühnervogel
772,,,,craniate,Schädeltier
773,,,,gallinacean,Galliformes
774,,,,living_thing,Lebewesen
775,,,,,"Bodenvögel,Feldhuhn"
776,L01_40,hypernyms - animals,rattlesnake,,Klapperschlange
777,,,,snake,Schlange
778,,,,reptile,Reptil
779,,,,pit_viper,Grubenottter
780,,,,serpent,Serpentes
781,,,,ophidian,DUPLICATE_Schlange
782,,,,,Giftschlange
783,L01_41,hypernyms - animals,squirrel,,Eichhörnchen
784,,,,rodent,Nagetier
785,,,,vertebrate,Wirbeltier
786,,,,creature,Geschöpf
787,,,,beast,Wildtier
788,,,,animal,Tier
789,,,,organism,Organismus
790,,,,fauna,Fauna
791,,,,placental,Plazentatier
792,,,,chordate,Chordatier
793,,,,eutherian,Eutheria
794,,,,mammal,Säugetier
795,,,,mammalian,Mammalia
796,,,,eutherian_mammal,DUPLICATE_höheres_Säugetier
797,,,,gnawer,Nager
798,,,,animate_being,lebendes_Wesen
799,,,,living_thing,Lebewesen
800,,,,placental_mammal,höheres_Säugetier
801,,,,craniate,Schädeltier
802,,,,,"Waldbewohner,Hörnchen"
803,L01_42,hypernyms - animals,stegosaurus,,Stegosaurus
804,,,,dinosaur,Dinosaurier
805,,,,reptile,Reptil
806,,,,armored_dinosaur,gepanzerter_Dinosaurier
807,,,,archosaur,Archosauria
808,,,,archosaurian,DUPLICATE_Archosauria
809,,,,archosaurian_reptile,DUPLICATE_Archosauria
810,,,,,"Thyreophora,Vogelbeckensaurier"
811,L01_43,hypernyms - animals,tiger,,Tiger
812,,,,feline,Katzenartige
813,,,,cat,Katze
814,,,,beast,Wildtier
815,,,,animal,Tier
816,,,,organism,Organismus
817,,,,fauna,Fauna
818,,,,placental,Plazentatier
819,,,,carnivore,Fleischfresser
820,,,,chordate,Chordatier
822,,,,eutherian,Eutheria
823,,,,mammal,Säugetier
824,,,,mammalian,Mammalia
825,,,,eutherian_mammal,DUPLICATE_höheres_Säugetier
826,,,,animate_being,lebendes_Wesen
827,,,,placental_mammal,höheres_Säugetier
828,,,,craniate,Schädeltier
829,,,,big_cat,Großkatze
830,,,,Felidae,Felidae
831,,,,,"Raubtier,Großwild"
832,L01_44,hypernyms - animals,triceratops,,Triceratops
833,,,,dinosaur,Dinosaurier
834,,,,reptile,Reptil
835,,,,ceratopsian,Ceratopsia
836,,,,horned_dinosaur,gehörnter_Dinosaurier
837,,,,archosaur,Archosauria
838,,,,archosaurian,DUPLICATE_Archosauria
839,,,,archosaurian_reptile,DUPLICATE_Archosauria
840,,,,,"Vogelbeckensaurier,Oberkreide"
841,L01_45,hypernyms - animals,turkey,,Truthahn
842,,,,fowl,Federvieh
843,,,,bird,Vogel
844,,,,vertebrate,Wirbeltier
845,,,,poultry,Geflügel
846,,,,creature,Geschöpf
847,,,,beast,Wildtier
848,,,,being,Wesen
849,,,,animal,Tier
850,,,,organism,Organismus
851,,,,fauna,Fauna
852,,,,chordate,Chordatier
853,,,,domestic_fowl,Hausgeflügel
854,,,,animate_being,lebendes_Wesen
855,,,,gallinaceous_bird,Hühnervogel
856,,,,craniate,Schädeltier
857,,,,gallinacean,Galliformes
858,,,,living_thing,Lebewesen
859,,,,,Fasanenartige
860,L01_46,hypernyms - animals,tyrannosaurus,,Tyrannosaurus
861,,,,dinosaur,Dinosaurier
862,,,,reptile,Reptil
863,,,,theropod,Theropoda
864,,,,theropod_dinosaur,Echsenbeckensaurier
865,,,,bird-footed_dinosaur,Bipede
866,,,,archosaur,Archosauria
867,,,,archosaurian,DUPLICATE_Archosauria
868,,,,archosaurian_reptile,DUPLICATE_Archosauria
869,,,,,"Fleischfresser,landlebender_Dinosaurier"
870,L01_47,hypernyms - animals,velociraptor,,Velociraptor
871,,,,dinosaur,Dinosaurier
872,,,,reptile,Reptil
873,,,,maniraptor,Maniraptora
874,,,,archosaur,Archosauria
875,,,,archosaurian,DUPLICATE_Archosauria
876,,,,archosaurian_reptile,DUPLICATE_Archosauria
877,,,,,"Theropoda,Echsenbeckensaurier"
878,L01_48,hypernyms - animals,viper,,Viper
879,,,,snake,Schlange
880,,,,reptile,Reptil
881,,,,serpent,Serpentes
882,,,,ophidian,DUPLICATE_Schlange
884,,,,,"Giftschlange,Schuppenkriechtier"
885,L01_49,hypernyms - animals,vulture,,Geier
886,,,,raptor,Raubvogel
887,,,,bird,Vogel
888,,,,vertebrate,Wirbeltier
889,,,,creature,Geschöpf
890,,,,beast,Wildtier
891,,,,being,Wesen
892,,,,animal,Tier
893,,,,organism,Organismus
894,,,,fauna,Fauna
895,,,,chordate,Chordatier
896,,,,animate_being,lebendes_Wesen
897,,,,craniate,Schädeltier
898,,,,living_thing,Lebewesen
899,,,,raptorial_bird,DUPLICATE_Raubvogel
900,,,,bird_of_prey,Greifvogel
901,,,,,Aasfresser
902,L01_50,hypernyms - animals,wolf,,Wolf
903,,,,canine,hundeartig
904,,,,vertebrate,Wirbeltier
905,,,,creature,Geschöpf
906,,,,beast,Wildtier
907,,,,canid,Canide
908,,,,being,Wesen
909,,,,animal,Tier
910,,,,organism,Organismus
911,,,,fauna,Fauna
912,,,,placental,Plazentatier
913,,,,carnivore,Fleischfresser
914,,,,chordate,Chordatier
915,,,,eutherian,Eutheria
916,,,,mammal,Säugetier
917,,,,mammalian,Mammalia
918,,,,animate_being,lebendes_Wesen
919,,,,eutherian_mammal,DUPLICATE_höheres_Säugetier
920,,,,locomote,Fortbewegung
921,,,,placental_mammal,höheres_Säugetier
922,,,,craniate,Schädeltier
923,,,,domesticated_animal,domestiziertes_Tier
924,,,,physical_entity,physische_Entität
925,,,,domestic_animal,Haustier
926,,,,living_thing,Lebewesen
927,,,,,"Raubtier,Rudeltier"
