,ID,Relation,Source,Target,DE
0,L03_1,hyponyms - misc,backpack,,Rucksack
1,,,,daypack,Tagesrucksack
2,,,,kitbag,Seesack
3,,,,kit_bag,DUPLICATE_Seesack
4,,,,,Behälter
5,L03_2,hyponyms - misc,bag,,Tasche
6,,,,pouch,Beutel
7,,,,backpack,Rucksack
8,,,,knapsack,Ranzen
9,,,,packsack,DUPLICATE_Rucksack
10,,,,rucksack,DUPLICATE_Rucksack
11,,,,haversack,Brotbeutel
12,,,,beanbag,Bean_Bag
13,,,,bladder,Blase
14,,,,carryall,Reisetasche
15,,,,holdall,Sporttasche
16,,,,tote,Tragetasche
17,,,,drawstring,Kordelzug
18,,,,dust,Staubbeutel
19,,,,vacuum,Vakuumbeutel
20,,,,envelope,Umschlag
21,,,,gasbag,Gassack
22,,,,gamebag,Jagdtasche
23,,,,golf,Golftasche
24,,,,gunnysack,Jutesack
25,,,,gunny,Sacktuch
26,,,,burlap,Sackleinen
27,,,,ice,Eisbeutel
28,,,,mailbag,Briefbeutel
29,,,,postbag,Postsack
30,,,,nosebag,Futtersack
31,,,,feedbag,Futterbeutel
32,,,,pannier,Packtasche
33,,,,plastic,Kunststoff
34,,,,purse,Handtasche
35,,,,ragbag,Lumpensack
36,,,,rosin,Kolophonium
37,,,,sachet,Tütchen
38,,,,sack,Sack
39,,,,poke,DUPLICATE_Beutel
40,,,,paper,Papiertüte
41,,,,carrier,Einkaufstasche
42,,,,saddlebag,Satteltasche
43,,,,sandbag,Sandsack
44,,,,schoolbag,Schultasche
45,,,,shopping,Einkaufsbeutel
46,,,,sick_bag,Spucktüte
47,,,,sickbag,DUPLICATE_Spucktüte
48,,,,skin,Felltasche
49,,,,sleeping,Schlafsack
50,,,,sweat,Turnbeutel
51,,,,tea,Teebeutel
52,,,,toilet,Kulturbeutel
53,,,,sponge,Waschbeutel
54,,,,tool,Werkzeugtasche
55,,,,tucker-bag,Provianttasche
56,,,,,"Handtasche,Spucktüte,Etui,Geldbeutel,Strandtasche"
57,L03_3,hyponyms - misc,bed,,Bett
58,,,,bunk,Hochbett
59,,,,berth,Schlafkoje
60,,,,built,DUPLICATE_Einbaubett
61,,,,built-in,Einbaubett
62,,,,cot,Klappbett
63,,,,camp,Feldbett
64,,,,couch,Couch
65,,,,deathbed,Sterbebett
66,,,,double,Doppelbett
67,,,,four-poster,Himmelbett
68,,,,hammock,Hängematte
69,,,,sack,Nachtlager
70,,,,marriage_bed,Ehebett
71,,,,murphy,Schrankbett
72,,,,plank-bed,Pritsche
73,,,,platform,Podestbett
74,,,,sickbed,Krankenbett
75,,,,single_bed,Einzelbett
76,,,,sleigh,Schlittenbett
77,,,,trundle,Ausziehbett
78,,,,truckle,Rollbett
79,,,,twin,zwei_Einzelbetten
80,,,,water,Wasserbett
81,,,,semi-double,französisches_Bett
82,,,,semidouble,DUPLICATE_französisches_Bett
83,,,,,"Etagenbett,Boxspringbett,Polsterbett"
84,L03_4,hyponyms - misc,boat,,Boot
85,,,,ferry,Fähre
86,,,,ark,Arche
87,,,,barge,Schute
88,,,,flatboat,Flachboot
89,,,,hoy,Lastboot
90,,,,lighter,Leichter
91,,,,bumboat,Bumboot
92,,,,canal_boat,Kanalboot
93,,,,narrow_boat,DUPLICATE_englisches_Kanalboot
94,,,,narrowboat,englisches_Kanalboot
95,,,,ferryboat,Fährschiff
96,,,,fireboat,Löschboot
97,,,,gondola,Gondel
98,,,,guard_boat,Wachboot
99,,,,gunboat,Kanonenboot
100,,,,junk,Dschunke
101,,,,longboat,Barkasse
102,,,,lugger,Logger
103,,,,mackinaw,NO_TRANSLATION
104,,,,mailboat,Postschiff
105,,,,mail,DUPLICATE_Postschiff
106,,,,packet,Paketschiff
107,,,,motorboat,Motorboot
108,,,,powerboat,Rennboot
109,,,,pilot,Lotsenboot
110,,,,police,Polizeiboot
111,,,,punt,Stockerkahn
112,,,,river_boat,Binnenschiff
113,,,,scow,DUPLICATE_Schute
114,,,,sea_boat,Seeschiff
115,,,,small_boat,Barke
116,,,,steamboat,Dampfschiff
117,,,,surfboat,Brandungsboot
118,,,,tender_boat,Schiffstender
119,,,,pinnace,Pinasse
120,,,,cutter_boat,Kutter
121,,,,tugboat,Schleppschiff
122,,,,tug,Schlepper
123,,,,towboat,Hafenschlepper
124,,,,tower_boat,DUPLICATE_Hafenschlepper
125,,,,yacht,Yacht
126,,,,sail,Segelschiff
127,,,,row,Ruderboot
128,,,,canoe,Kanu
129,,,,kayak,Kayak
130,,,,paddle,DUPLICATE_Paddelboot
131,,,,paddle_boat,Paddelboot
132,,,,,"Rettungsboot,Katamaran,Hausboot,Kreutzfahrtschiff,Bananenboot,Beiboote"
133,L03_5,hyponyms - misc,book,,Buch
134,,,,paperback,Taschenbuch
135,,,,album,Album
136,,,,folio,Blatt
137,,,,hardback,gebundenes_Buch
138,,,,hardcover,Hardcover
139,,,,journal,Zeitschrift
140,,,,novel,Roman
141,,,,order,Auftragsbuch
142,,,,paper-back,DUPLICATE_Taschenbuch
143,,,,softback,DUPLICATE_TAschenbuch
144,,,,soft-cover,Softcover
145,,,,picture,Bilderbuch
146,,,,sketchbook,Skizzenbuch
147,,,,sketch,Skizzenblock
148,,,,notebook,Notizbuch
149,,,,,"Liebesroman,Krimi"
150,L03_6,hyponyms - misc,brush,,Bürste
151,,,,toothbrush,Zahnbürste
152,,,,bottlebrush,Flaschenbürste
153,,,,bristle,Borste
154,,,,clothesbrush,Kleiderbürste
155,,,,hairbrush,Haarbürste
156,,,,nailbrush,Nagelbürste
157,,,,paintbrush,Farbpinsel
158,,,,sable,Zobelhaarpinsel
159,,,,scrub,Schrubber
160,,,,scrubbing,Schruppen
161,,,,scrubber,Scheuerbürste
162,,,,shaving_brush,Rasierpinsel
164,L03_7,hyponyms - misc,burger,,Burger
165,,,,hamburger,Hamburger
166,,,,cheeseburger,Cheeseburger
167,,,,50,NO_TRANSLATION
168,,,,50_burger,DUPLICATE_NO_TRANSLATION
169,,,,angus_burger,Angusburger
170,,,,banquet_burger,DUPLICATE_NO_TRANSLATION
171,,,,barbecue_burger,Barbecueburger
172,,,,bøfsandwich,Steaksandwich
173,,,,utter_burge,DUPLICATE_NO_TRANSLATION
174,,,,buffalo_burger,Buffalo_Burger
175,,,,california_burger,California_Burger
176,,,,chili_burger,Chiliburger
177,,,,curry_burger,Curryburger
178,,,,hamdog,Hamdog
179,,,,salmon_burger,Lachsburger
180,,,,rice_burger,rice_burger
181,,,,veggie_burger,Veggieburger
183,L03_8,hyponyms - misc,camera,,Kamera
184,,,,camcorder,Camcorder
185,,,,box_camera,Boxkamera
186,,,,box_kodak,Boxkodak
187,,,,candid_camera,Kleinbildkamera
188,,,,digital_camera,digitale_Kamera
189,,,,flash_camera,Blitzlicht
190,,,,motion-picture_camera,Filmaufnahmekamera
191,,,,movie_camera,Filmkamera
192,,,,cine-camera,DUPLICATE_Filmkamera
193,,,,point-and-shoot_camera,Kompaktkamera
194,,,,point-and-shoot,DUPLICATE_Kompaktkamera
195,,,,polaroid_camera,Polaroidkamera
196,,,,polaroid_land_camera,Polaroid-Kamera
197,,,,polaroid,Polaroid
198,,,,portrait_camera,Portrait-Kamera
199,,,,reflex_camera,Spiegelreflexkamera
200,,,,webcam,Webcam
201,,,,webcamera,Webkamera
202,,,,sound_camera,Tonkamera
203,,,,,"Analogkamera,Systemkamera,Bridgekamera"
204,L03_9,hyponyms - misc,candy,,Süßwaren
205,,,,lollipop,Lolli
206,,,,candy_bar,Schokoriegel
207,,,,carob_bar,Johannisbrotriegel
208,,,,hard_candy,Lutschbonbon
209,,,,brandyball,Brandy_Ball
210,,,,patty,Plätzchen
211,,,,bonbon,Bonbon
212,,,,brittle,Krokant
213,,,,toffee,Toffee
214,,,,toffy,Sahnebonbon
215,,,,butterscotch,Buttertoffee
216,,,,candy_cane,Zuckerstange
217,,,,candy_corn,Candy_Corn
218,,,,caramel,Karamelbonbon
219,,,,cotton_candy,Zuckerwatte
220,,,,spun_sugar,DUPLICATE_Zuckerwatte
221,,,,candyfloss,DUPLICATE_Zuckerwatte
222,,,,dragee,Dragee
223,,,,fondant,Fondant
224,,,,fudge,Karamell
225,,,,gumdrop,Gummibonbon
226,,,,honey_crisp,NO_TRANSLATION
227,,,,mint,Pfefferminz
228,,,,mint_candy,Pfefferminzbonbon
229,,,,horehound,Hustenbonbon
230,,,,jelly_bean,Geleebonbon
231,,,,jelly_egg,Geleeei
232,,,,kiss,DUPLICATE_NO_TRANSLATION
233,,,,candy_kiss,DUPLICATE_NO_TRANSLATION
234,,,,licorice,Lakritz
235,,,,liquorice,Lakritze
236,,,,life_saver,Life_Saver
237,,,,sucker,Lutscher
238,,,,all-day_sucker,Dauerlutscher
239,,,,lozenge,Pastille
240,,,,marshmallow,Marshmallow
241,,,,marzipan,Marzipan
242,,,,marchpane,DUPLICATE_Marzipan
243,,,,nougat,Nugat
244,,,,nougat_bar,Nugatriegel
245,,,,nut_bar,Nussriegel
246,,,,peanut_bar,Erdnusriegel
247,,,,popcorn_ball,Popcorn_Bällchen
248,,,,praline,Praline
249,,,,rock_candy,Kandiszucker
250,,,,rock,Kandis
251,,,,sugar_candy,Zuckerkandis
252,,,,sugarplum,kandierte_Pflaume
253,,,,taffy,DUPLICATE_Toffee
254,,,,truffle,Trüffel
255,,,,chocolate_truffle,Schokoladentrüffel
256,,,,turkish_delight,Lokum
257,,,,easter_egg,Schokoladenosterei
259,L03_10,hyponyms - misc,car,,Auto
260,,,,limousine,Limousine
261,,,,convertible,Cabrio
262,,,,ambulance,Ambulanz
263,,,,beach,Strandbuggy
264,,,,wagon,Kombi
265,,,,station,Kombiwagen
266,,,,estate,DUPLICATE_Kombi
267,,,,waggon,Güterwagen
268,,,,bus,Bus
269,,,,jalopy,Schrottkarre
270,,,,heap,Schrottauto
271,,,,cab,DUPLICATE_Taxi
272,,,,hack,DUPLICATE_Taxi
273,,,,taxi,Taxi
274,,,,taxicab,DUPLICATE_Taxi
275,,,,compact,Kompaktwagen
276,,,,coupe,Coupé
277,,,,cruiser,Streifenwagen
278,,,,police,Polizeiauto
279,,,,patrol,DUPLICATE_Streifenwagen
280,,,,prowl,DUPLICATE_Streifenwagen
281,,,,squad,Einsatzwagen
282,,,,electric,elektrisches_Auto
283,,,,hardtop,Hardtop
284,,,,hatchback,Kombilimousine
285,,,,hot-rod,Hotrod
286,,,,jeep,Jeep
287,,,,landrover,Landrover
288,,,,limo,Limo
289,,,,loaner,Leihwagen
290,,,,minicar,Kleinstwagen
291,,,,minivan,Minivan
292,,,,model,Modellauto
293,,,,pace,Safety_Car
294,,,,racer,Rennwagen
295,,,,race,DUPLICATE_Rennwagen
296,,,,racing,Rennauto
297,,,,roadster,Roadster
298,,,,runabout,Flitzer
299,,,,two-seater,Zweisitzer
300,,,,sedan,DUPLICATE_Limousine
301,,,,saloon,Tourenwagen
302,,,,sports,Sportwagen
303,,,,sport,NO_TRANSLATION
304,,,,suv,SUV
305,,,,stanley,Stanley
306,,,,steamer,Dampfwagen
307,,,,stock,Stockcar
308,,,,subcompact,Kleinwagen
309,,,,touring,Reisewagen
310,,,,tourer,Cabriolimousine
311,,,,used,gebrauchtes_Auto
312,,,,secondhand,Gebrauchtwagen
313,,,,,"Geländewagen,Wohnwagen,Wohnmobil,Geländewagen,Neuwagen,Jahreswagen,Einsatzfahrzeug,Transporter,Kastenwagen,Mopedauto"
314,L03_11,hyponyms - misc,church,,Kirche
315,,,,chapel,Kapelle
316,,,,abbey,Abtei
317,,,,basilica,Basilika
318,,,,cathedral,Kathedrale
319,,,,duomo,Dom
320,,,,kirk,DUPLICATE_Kirche
321,,,,,Klosterkirche
322,L03_12,hyponyms - misc,citrus,,Zitrus
323,,,,lemon,Zitrone
324,,,,orange,Orange
325,,,,lime,Limette
326,,,,mandarin,Mandarine
327,,,,tangerine,Tangerine
328,,,,yuzu,Yuzu
330,L03_13,hyponyms - misc,cloud,,Wolke
331,,,,thundercloud,Gewitterwolke
332,,,,cirrocumulus,Zirrokumulus
333,,,,cirrostratus,Cirrostratus
334,,,,cirrus,Zirruswolke
335,,,,contrail,Kondensstreifen
336,,,,condensation,Kondensation
337,,,,trail,DUPLICATE_Kondensstreifen
338,,,,cumulonimbus,Cumulonimbus
339,,,,cumulus,Kumulus
340,,,,nacreous,Perlmuttwolken
341,,,,nebule,Dunkelwolke
342,,,,nimbus,Regenwolke
343,,,,rain,DUPLICATE_Regenwolke
344,,,,storm,DUPLICATE_Gewitterwolke
345,,,,stratus,Stratuswolken
346,,,,mushroom,Atompilz
347,,,,smoke,Rauchwolke
348,,,,,"Mammatus,Federwolken,Altostratus"
349,L03_14,hyponyms - misc,collar,,Kragen
350,,,,choker,Choker
351,,,,ruff,Krause
352,,,,ruffle,Halskrause
353,,,,clerical,Priesterkragen
354,,,,roman_collar,römischer_Kragen
355,,,,dog_collar,Hundehalsband
356,,,,eton_collar,Eton-Kragen
357,,,,rabato_collar,steifer_Spitzkragen
358,,,,rebato_collar,DUPLICATE_steifer_Spitzkragen
359,,,,turtleneck,Rollkragen
360,,,,polo-neck,Polokragen
361,,,,neckpiece,Halstuch
363,L03_15,hyponyms - misc,color,,Farbe
364,,,,white,Weiß
365,,,,black,Schwarz
366,,,,blue,Blau
367,,,,green,Grün
368,,,,red,Rot
369,,,,yello,Gelb
370,,,,orange,Orange
371,,,,vermilion,Zinnober
372,,,,amber,Bernsteingelb
373,,,,chartreuse,Hellgrün
374,,,,teal,Petrol
375,,,,violet,Violet
376,,,,magenta,Magenta
377,,,,rose,Rosa
378,,,,azure,Himmelblau
379,,,,cyan,Türkis
380,,,,indigo,Indigoblau
381,,,,purple,Lila
382,,,,brown,Braun
385,L03_16,hyponyms - misc,computer,,Computer
386,,,,laptop,Laptop
387,,,,desktop,Desktop
388,,,,tablet,Tablet
389,,,,smartphone,Smartphone
390,,,,supercomputer,Supercomputer
391,,,,iphone,iPhone
392,,,,ipad,iPad
394,L03_17,hyponyms - misc,container,,Behälter
395,,,,bag,Tasche
396,,,,handbag,Handtasche
397,,,,pocketbook,Brieftasche
398,,,,purse,Geldbörse
399,,,,basket,Korb
400,,,,handbasket,Handkorb
401,,,,bin,Eimer
402,,,,bowl,Schüssel
403,,,,pipe,Rohr
404,,,,box,Box
405,,,,bread-bin,Brotkorb
406,,,,breadbox,Brotbox
407,,,,bunker,Bunker
408,,,,can,Dose
409,,,,tin,Büchse
410,,,,canister,Kanister
411,,,,cannister,DUPLICATE_Kanister
412,,,,capsule,Kapsel
413,,,,cargo,Frachtcontainer
414,,,,case,Kiste
415,,,,display,Auslage
416,,,,showcase,Schaukasten
417,,,,vitrine,Vitrine
418,,,,cassette,Kassette
419,,,,cup,Tasse
420,,,,cylinder,Zylinder
421,,,,dice,Würfelcontainer
422,,,,dish,Schale
423,,,,dispenser,Spender
424,,,,drawer,Schublade
425,,,,dumpster,Müllcontainer
426,,,,empty,Leerflasche
427,,,,envelope,Umschlag
428,,,,glass,Glasscontainer
429,,,,bottle,Flasche
430,,,,mailer,Versandtasche
431,,,,manger,Krippe
432,,,,trough,Trog
433,,,,measure,Maß
434,,,,mold,Gussform
435,,,,mould,DUPLICATE_Gussform
436,,,,cast,Form
437,,,,package,Paket
438,,,,parcel,Päckchen
439,,,,pan,Pfanne
440,,,,pod,Gehäuse
441,,,,pot,Topf
442,,,,flowerpot,Blumentopf
443,,,,flask,Flachmann
444,,,,receptacle,Auffanggefäß
445,,,,reliquary,Reliquienbehältnis
446,,,,saltcellar,Saliera
447,,,,savings,Spareinlagen
448,,,,bank,Bank
449,,,,coin,Münzbeutel
450,,,,money,Geldbeutel
451,,,,scuttle,Kohlenschütte
452,,,,coal,DUPLICATE_Kohlenschütte
453,,,,shaker,Mixbecher
454,,,,spoon,Löffel
455,,,,thimble,Fingerhut
456,,,,vessel,Kessel
457,,,,waste-paper,Papiermüll
458,,,,wastebasket,Abfalleimer
459,,,,waste,Abfall
460,,,,file,Datei
461,,,,workbasket,Handarbeitskorb
462,,,,workbox,Nähkorb
463,,,,workbag,Nähbeutel
464,,,,,"Tüte,Truhe,Urne,Fass,Kübel,Ampulle,Kasten,Schrank,Kiste,Bottich,Karton,Tonne"
465,L03_18,hyponyms - misc,cookware,,Kochgeschirr
466,,,,pot,Topf
467,,,,baster,Bratenspritze
468,,,,chafing,Wärmeplatte
469,,,,dish,Schüssel
470,,,,cooker,Herd
471,,,,sheet,Blech
472,,,,tray,Tablet
473,,,,enamelware,Emailwaren
474,,,,grid,Rost
475,,,,gridiron,Bratrost
476,,,,griddle,Backblech
477,,,,pan,Pfanne
478,,,,poacher,Pochierpfanne
479,,,,skimmer,Schaumkelle
480,,,,steamer,Dampfgarer
481,,,,turner,Pfannenwender
483,L03_19,hyponyms - misc,cup,,Tasse
484,,,,teacup,Teetasse
485,,,,beaker,Trinkbecher
486,,,,chalice,Kelch
487,,,,goblet,Pokal
488,,,,coffee_cup,Kaffeetasse
489,,,,dixie,NO_TRANSLATION
490,,,,paper_cup,Papierbecher
491,,,,grace,Abschiedstrunk
492,,,,kylix,Kylix
493,,,,cylix,DUPLICATE_Kylix
494,,,,mustache_cup,Barttasse
495,,,,moustache_cup,Rasierbecher
496,,,,scyphus,Scyphus
497,,,,grail,Gral
498,,,,,"Bol,Suppentasse"
499,L03_20,hyponyms - misc,cushion,,Kissen
500,,,,pincushion,Nadelkissen
501,,,,pillow,Kopfkissen
503,,,,inflatable,aufblasbares_Kissen
504,,,,gaddi,Gaddi
505,,,,hassock,Kniekissen
506,,,,headrest,Kopfstütze
507,,,,seat,Sitzkissen
509,L03_21,hyponyms - misc,cutlery,,Besteck
510,,,,knife,Messer
511,,,,fork,Gabel
512,,,,spoon,Löffel
513,,,,tablefork,Tischgabel
514,,,,teaspoon,Teelöffel
515,,,,dessert_spoon,Dessertlöffel
516,,,,salad_fork,Salatgabel
517,,,,carving_fork,Tranchiergabel
519,L03_22,hyponyms - misc,dessert,,Desert
520,,,,cake,Kuchen
521,,,,ambrosia,Götterspeise
522,,,,baked_alaska,Überraschungsomelett
523,,,,blancmange,Blancmanger
524,,,,charlotte,Fruchtpudding
525,,,,compote,Kompott
526,,,,fruit_compote,Obstkompott
527,,,,dumpling,Knödel
528,,,,flan,Flan
529,,,,frozen_dessert,gefrorenes_Desert
530,,,,junket,Quarkspeise
531,,,,mold,NO_TRANSLATION
532,,,,mould,DUPLICATE_NO_TRANSLATION
533,,,,mousse,Mousse
534,,,,pavlova,Pavlova
535,,,,peach_melba,Pfirsich_Melba
536,,,,pudding,Pudding
537,,,,pud,DUPLICATE_Pudding
538,,,,syllabub,Creme
539,,,,sillabub,Sillabub
540,,,,tiramisu,Tiramisu
541,,,,whip,aufgeschlagene_Creme
542,,,,zabaglione,Zabaglione
543,,,,sabayon,Sabayon
544,,,,charlotte_russe,Charlotte_Russe
545,,,,apple_dumpling,Apfelknödel
546,,,,frozen_custard,gefrorener_Vanillepudding
547,,,,soft_ice_cream,Softeis
548,,,,frozen_pudding,gefrorener_Pudding
549,,,,frozen_yogurt,Frozen_Yogurt
550,,,,ice-cream_cake,Eiscremetorte
551,,,,icebox_cake,Eistorte
552,,,,ice-cream_cone,Eistüte
553,,,,ice-cream_sundae,Eisbecher
554,,,,sundae,DUPLICATE_Eisbecher
555,,,,ice,Eis
556,,,,frappe,Frappé
557,,,,ice_cream,Eiscreme
558,,,,icecream,Speiseeis
559,,,,ice_lolly,Eislutscher
560,,,,lolly,Lutscher
561,,,,lollipop,Lolli
562,,,,popsicle,DUPLICATE_Eislutscher
563,,,,ice_milk,Milcheis
564,,,,parfait,Parfait
565,,,,sherbert,Brause
566,,,,sherbet,DUPLICATE_Sorbet
567,,,,snowball,Snowball
568,,,,split,Split
569,,,,chocolate_mousse,Schokoladenmousse
570,,,,trifle,Trifle
571,,,,brown_betty,Apfelstreusel
572,,,,chocolate_pudding,Schokoladenpudding
573,,,,duff,Mehlpudding
574,,,,plum_duff,Pflaumenpudding
575,,,,flummery,Flammeri
576,,,,nesselrode,DUPLICATE_Nesselrode_Pudding
577,,,,nesselrode_pudding,Nesselrode_Pudding
578,,,,pease_pudding,Erbsenpüree
579,,,,plum_pudding,DUPLICATE_Pflaumenpudding
580,,,,christmas_pudding,Plumpudding
581,,,,roly-poly,DUPLICATE_Strudel
582,,,,roly-poly_pudding,Strudel
583,,,,steamed_pudding,gedämpfter_Pudding
584,,,,suet_pudding,Nierenfettkuchen
585,,,,tapioca_pudding,Tapiokapudding
586,,,,vanilla_pudding,Vanillepudding
587,,,,prune_whip,Pflaumenmus
588,,,,water_ice,Wassereis
589,,,,sorbet,Sorbet
590,,,,chocolate_ice_cream,Schokoladeneis
592,,,,peach_ice_cream,Pfiersicheis
593,,,,strawberry_ice_cream,Erdbeereis
594,,,,tutti-frutti,Tuttifrutti
595,,,,vanilla_ice_cream,Vanilleeis
596,,,,banana_split,Banannensplit
597,,,,tipsy_cake,DUPLICATE_NO_TRANSLATION
598,,,,spotted_dick,DUPLICATE_NO_TRANSLATION
599,,,,choc-ice,Schokoeis
600,,,,,"Mandeltorte,Apfelstrudel,Kirschstrudel,Germknödel,Marillenknödel,Becherkuchen,Topfencreme,Malakofftorte,Sachertorte,Crêpes,Palatschinken,Soufflé"
601,L03_23,hyponyms - misc,dress,,Kleid
602,,,,gown,Robe
603,,,,caftan,Kaftan
604,,,,kaftan,DUPLICATE_Kaftan
605,,,,chemise,Unterkleid
606,,,,sack,Sackkleid
607,,,,shift,Etuikleid
608,,,,coatdress,Mantelkleid
609,,,,cocktail_dress,Cocktailkleid
610,,,,sheath,Futteralkleid
611,,,,dirndl,Dirndl
612,,,,jumper,Jumperkleid
613,,,,pinafore,Latzkleid
614,,,,pinny,Schürze
615,,,,kirtle,Frauenkleid
616,,,,morning,Morgenkleid
617,,,,evening,Abendkleid
618,,,,muumuu,Muumuu
619,,,,polonaise,Polonaise
620,,,,sari,Sari
621,,,,saree,Saree
622,,,,shirtdress,Hemdblusenkleid
623,,,,strapless,Trägerlos
624,,,,sundress,Sommerkleid
625,,,,,"Ballkleid,Schlauchkleid"
626,L03_24,hyponyms - misc,drum,,Trommel
627,,,,tambourine,Tambourin
628,,,,bass_drum,Basstrommel
629,,,,gran_casa,NO_TRANSLATION
630,,,,bongo,Bongo
631,,,,bongo_drum,Bongotrommel
632,,,,snare_drum,Wirbeltrommel
633,,,,snare,DUPLICATE_Wirbeltrommel
634,,,,side_drum,Schnarrtrommel
635,,,,tabor,Tabor
636,,,,tabour,Einhandtrommel
637,,,,tambour,Tambour
638,,,,tenor_drum,Tenortrommel
639,,,,tom-tom,Tomtom
640,,,,timbrel,Tamburin
641,,,,djembe,Djembe
642,,,,doumbek,Beckentrommel
643,,,,darbuka,Darbuka
644,,,,,"Conga,Stahltrommel"
645,L03_25,hyponyms - misc,emotion,,Emotion
646,,,,anger,Ärger
647,,,,choler,DUPLICATE_Zorn
648,,,,ire,Wut
649,,,,anxiety,Furcht
650,,,,conditioned_emotional_response,konditionierter_emotionale_Reaktion
651,,,,cer,CER
652,,,,conditioned_emotion,konditionierte_Emotion
653,,,,emotional_state,emotionaler_Zustand
654,,,,spirit,Stimmung
655,,,,fear,Angst
656,,,,fearfulness,ängstlich
657,,,,fright,Entsetzen
658,,,,reverence,Ehrerbietung
659,,,,awe,Ehrfurcht
660,,,,veneration,Bewunderung
661,,,,hate,Hass
662,,,,hatred,DUPLICAE_Hass
663,,,,joy,Freude
664,,,,joyousness,Fröhlichkeit
665,,,,joyfulness,Freudigkeit
666,,,,love,Liebe
667,,,,annoyance,Verdruss
668,,,,chafe,aufreibend
669,,,,vexation,Ärgernis
670,,,,bad_temper,schlechte_Laune
671,,,,ill_temper,Übellaunigkeit
672,,,,dander,Zorn
673,,,,hackles,Nackenhaare_aufstellen
674,,,,fury,Raserei
675,,,,rage,Rage
676,,,,madness,Wahn
677,,,,huffiness,Empfindlichkeit
678,,,,indignation,Entrüstung
679,,,,outrage,Empörung
680,,,,infuriation,Verärgerung
681,,,,enragement,Erregung
682,,,,umbrage,Anstoß
683,,,,offense,Beleidigung
684,,,,offence,DUPLICATE_Beleidigung
685,,,,angst,Existenzangst
686,,,,anxiousness,Ängstlichkeit
687,,,,disquiet,unruhig
688,,,,concern,Sorge
689,,,,care,Fürsorglichkeit
690,,,,discomfiture,Unbehagen
691,,,,discomposure,Fassungslosigkeit
692,,,,disconcertion,Befremdetsein
693,,,,disconcertment,Befremdung
694,,,,edginess,DUPLICATE_Nervösität
695,,,,uneasiness,Beklommenheit
696,,,,inquietude,Unruhe
697,,,,disquietude,Bangigkeit
698,,,,insecurity,Unsicherheit
699,,,,jitteriness,Überspanntheit
700,,,,jumpiness,Schreckhaftigkeit
701,,,,nervousness,Nervösität
702,,,,restiveness,störrisches_Verhalten
703,,,,scruple,Skrupel
704,,,,qualm,Bedenken
705,,,,misgiving,Befürchtung
706,,,,sinking,bangen
707,,,,sinking_feeling,bange_ums_Herz
708,,,,worry,Besorgnis
709,,,,trouble,Beunruhigung
710,,,,ecstasy,Ekstase
711,,,,rapture,Verzückung
712,,,,transport,übertragen
713,,,,exaltation,Hochgefühl
714,,,,raptus,Raptus
715,,,,embarrassment,Verlegenheit
716,,,,gratification,Genugtuung
717,,,,satisfaction,Befriedigung
718,,,,happiness,Glück
719,,,,felicity,DUPLICATE_Glückseligkeit
720,,,,state,Zustand
721,,,,unhappiness,Unglücklichkeit
722,,,,alarm,Beängstigung
723,,,,dismay,Bestürzung
724,,,,consternation,DUPLICATE_Fassungslosigkeit
725,,,,apprehension,Vorahnung
726,,,,apprehensiveness,DUPLICATE_Beklommenheit
727,,,,dread,Scheu
728,,,,creeps,Gruseln
729,,,,frisson,Schauer
730,,,,shiver,Frösteln
731,,,,chill,Kälte
732,,,,quiver,Zittern
733,,,,shudder,Schauder
734,,,,thrill,Nervenkitzel
735,,,,tingle,Kribbeln
736,,,,horror,Grauen
737,,,,hysteria,Hysterie
738,,,,intimidation,Einschüchterung
739,,,,panic,Panik
740,,,,terror,Terror
741,,,,affright,Erschrecken
742,,,,scare,Schrecken
743,,,,panic_attack,Panikattacke
744,,,,stage_fright,Lampenfieber
745,,,,timidity,Schüchternheit
746,,,,timidness,DUPLICATE_Schüchternheit
747,,,,timorousness,Furchtsamkeiten
748,,,,abhorrence,Abscheu
749,,,,abomination,Abscheulichkeit
750,,,,detestation,Verabscheuung
751,,,,execration,Verwünschung
752,,,,loathing,Ekel
753,,,,odium,Verachtung
754,,,,despisal,Geringschätzung
755,,,,despising,geringschäzen
756,,,,hostility,Anfeindung
757,,,,enmity,Feindseligkeit
758,,,,ill_will,Böswilligkeit
759,,,,malevolence,Niedertracht
760,,,,malignity,Boshaftigkeit
761,,,,misanthropy,Misanthropie
762,,,,misogamy,Misogamie
763,,,,misogyny,Misogynie
764,,,,misogynism,Frauenfeindlichkeit
765,,,,misology,Misologie
766,,,,misoneism,Misoneismus
767,,,,misopedia,Misopädie
768,,,,murderousness,mörderische_Gedanken
769,,,,elation,Jubelstimmung
770,,,,high_spirits,Ausgelassenheit
771,,,,lightness,Leichtigkeit
772,,,,exhilaration,Heiterkeit
773,,,,excitement,Aufregung
774,,,,exuberance,Überschwang
775,,,,exultation,DUPLICATE_Jubel
776,,,,jubilance,Jubel
777,,,,jubilancy,Entzücken
778,,,,jubilation,Gejohle
779,,,,agape,Agape
780,,,,agape_love,christiliche_Liebe
781,,,,amorousness,Verliebtheit
782,,,,enamoredness,Verlieben
783,,,,ardor,Inbrunst
784,,,,ardour,DUPLICATE_Inbrunst
785,,,,benevolence,Wohlwollen
786,,,,devotion,Hingabe
787,,,,devotedness,Hingebung
788,,,,filial_love,kindliche_Liebe
789,,,,heartstrings,innerste_Gefühle
790,,,,lovingness,Barmherzigkeit
791,,,,caring,fürsorglich
792,,,,loyalty,Loyalität
793,,,,puppy_love,Jugendliebe
794,,,,calf_love,jugendliche_Schwärmerei
795,,,,crush,verknallt
796,,,,infatuation,Vernarrtheit
797,,,,worship,Anbetung
798,,,,adoration,Verehrung
799,,,,aggravation,Verschlimmerung
800,,,,exasperation,Verzweiflung
801,,,,displeasure,Missfallen
802,,,,frustration,Frustration
803,,,,harassment,Schikane
804,,,,torment,Qual
805,,,,pique,Vergrämtheit
806,,,,temper,Temperament
807,,,,irritation,Irritation
808,,,,fit,Anfall
809,,,,tantrum,Wutanfall
810,,,,scene,Aufstand
811,,,,conniption,hysterischer_Ausbruch
812,,,,irascibility,Jähzorn
813,,,,short_temper,unbeherrscht
814,,,,spleen,DUPLICATE_Übellaunigkeit
815,,,,quick_temper,hitziges_Gemüt
816,,,,lividity,Fahlheit
817,,,,wrath,DUPLICATE_Zorn
818,,,,dudgeon,Groll
819,,,,high_dudgeon,sehr_aufgebracht
820,,,,willies,nervös
821,,,,comfort,Komfort
822,,,,quality_of_life,Lebensqualität
823,,,,blessedness,Glückseligkeit
824,,,,beatitude,Seligkeit
825,,,,beatification,Seligsprechung
826,,,,radiance,Ausstrahlung
827,,,,embitterment,Verbitterung
828,,,,sadness,Traurigkeit
829,,,,sorrow,Kummer
830,,,,sorrowfulness,Bekümmertheit
831,,,,pall,Reiz_verlieren
832,,,,foreboding,Unheil_verkünden
833,,,,premonition,Vorwarnung
834,,,,presentiment,Vorgefühl
835,,,,boding,prophezeiend
836,,,,gloom,Trübsal
837,,,,gloominess,Trübsinn
838,,,,somberness,Düsterheit
839,,,,sombreness,DUPLICATE_Düsterheit
840,,,,suspense,Anspannung
841,,,,trepidation,Beklemmung
842,,,,swivet,DUPLICATE_Aufregung
843,,,,cold_feet,kalte_Füße
844,,,,diffidence,Befangenheit
845,,,,self-doubt,Selbstzweifel
846,,,,self-distrust,Selbstmisstrauen
847,,,,shyness,Geniertheit
848,,,,aggression,Aggression
849,,,,aggressiveness,Aggressivität
850,,,,animosity,Animosität
851,,,,animus,Erbitterung
852,,,,bad_blood,böses_Blut
853,,,,antagonism,Antagonismus
854,,,,belligerence,Streitlust
855,,,,belligerency,Kriegszustand
856,,,,class_feeling,Klassenbewusstsein
857,,,,resentment,Ressentiment
858,,,,bitterness,Bitterkeit
859,,,,gall,Unverfrorenheit
860,,,,rancor,DUPLICATE_Groll
861,,,,rancour,DUPLICATE_Groll
862,,,,maleficence,Schädlichkeit
863,,,,malice,Bosheit
864,,,,maliciousness,Heimtücke
865,,,,spite,kränken
866,,,,spitefulness,Gehässigkeit
867,,,,venom,DUPLICATE_Gehässigkeit
868,,,,vindictiveness,Rachgier
869,,,,vengefulness,Rachsucht
870,,,,misocainea,Cainophobie
871,,,,euphoria,Hochstimmung
872,,,,euphory,Euphorie
873,,,,bang,zusammenstoßen
874,,,,boot,treten
875,,,,charge,angreifen
876,,,,rush,überstürzen
877,,,,flush,erröten
878,,,,kick,kicken
879,,,,intoxication,Rausch
880,,,,titillation,Kitzel
881,,,,triumph,Triumph
882,,,,beneficence,Wohltätigkeit
883,,,,warmheartedness,Warmherzigkeit
884,,,,warmth,Wärme
885,,,,nirvana,Nirwana
886,,,,enlightenment,Erleuchtung
887,,,,mourning,Trauer
888,,,,bereavement,Verlust
889,,,,poignance,Schmerzhaftigkeit
890,,,,poignancy,Schmerzlichkeit
891,,,,presage,Anzeichen
892,,,,shadow,Schatten
893,,,,hesitance,Zögern
894,,,,hesitancy,Unschlüssigkeit
895,,,,unassertiveness,Unbestimmtheit
896,,,,warpath,Kriegspfad
897,,,,envy,Neid
898,,,,enviousness,Missgunst
899,,,,grudge,Groll_hegen
900,,,,score,Eroberung
901,,,,grievance,Kränkung
902,,,,heartburning,krankhafte_Eifersucht
903,,,,sulkiness,Schmollen
904,,,,huffishness,Gereitzheit
905,,,,covetousness,Begierde
906,,,,jealousy,Eifersucht
907,,,,green-eyed_monster,Argwohn
908,,,,penis_envy,Penisneid
909,,,,,"Überraschung,Scham,Nostalgie,Romantik,Erleichterung,Langeweile,Interesse,Gelassenheit,Verlangen,Wertschätzung,Verwirrung,Staunen,Belustigung,Optimismus,Ablehnung,Begeisterung,Klarheit"
910,L03_26,hyponyms - misc,flask,,Fläschchen
911,,,,thermos,Thermos
912,,,,ampulla,Ampulle
913,,,,canteen,Feldflasche
914,,,,erlenmeyer_flask,Erlenmeyerkolben
915,,,,hipflask,Taschenflakon
916,,,,pocket_flask,Flachmann
917,,,,round-bottom_flask,Rundkolben
918,,,,vacuum_flask,Isolierkanne
919,,,,vacuum_bottle,Isolierflasche
920,,,,dewar_flask,Dewargefäß
921,,,,dewar,Dewarbehälter
922,,,,thermos_bottle,Thermosflasche
923,,,,thermos_flask,Thermoskanne
925,L03_27,hyponyms - misc,guitar,,Gitarre
926,,,,ukulele,Ukulele
927,,,,bass,Bass
928,,,,bass_guitar,Bassgitarre
929,,,,acoustic_guitar,Akkustikgitarre
930,,,,cittern,Cister
931,,,,cithern,Cisther
932,,,,cither,Zitter
933,,,,citole,Citole
934,,,,gittern,Quintern
935,,,,electric_guitar,elektrische_Gitarre
936,,,,hawaiian,Hawaiigitarre
937,,,,steel,Pedal-Steel-Gitarre
938,,,,uke,DUPLICATE_Ukulele
939,,,,,Flamenco-Gitarre
940,L03_28,hyponyms - misc,gun,,Waffe
941,,,,rifle,Gewehr
942,,,,air,DUPLICATE_Luftgewehr
943,,,,airgun,Luftgewehr
944,,,,antiaircraft,Flakgeschütz
945,,,,flak,Flak
946,,,,flack,Fliegerabwehrkanone
947,,,,pom-pom,Maschinenkanone
948,,,,ack-ack,Flugabwehrkanone
949,,,,breechloader,Hinterlader
950,,,,cannon,Kanone
951,,,,firearm,Feuerwaffe
952,,,,piece,Geschütz
953,,,,small-arm,Handfeuerwaffe
954,,,,gas,Gaskanone
955,,,,minute,Maschinengewehr
956,,,,quaker,Hölzerne_Kanone
957,,,,set,DUPLICATE_Selbstschussanlage
958,,,,spring,Selbstschussanlage
959,,,,whaling,Harpunenkanonen
960,,,,,Pistole
961,L03_29,hyponyms - misc,jewel,,Juwelen
962,,,,diamond,Diamant
963,,,,ruby,Rubin
964,,,,pearl,Perle
965,,,,emerald,Smaragd
966,,,,sapphire,Saphir
968,L03_30,hyponyms - misc,jewelry,,Schmuck
969,,,,bracelet,Armband
970,,,,bead,Glasperle
971,,,,bijou,Kleinod
972,,,,bling,Klunker
973,,,,bling_bling,DUPLICATE_Klunker
974,,,,bangle,Armreif
975,,,,clip,Klammer
976,,,,cufflink,Manschettenknopf
977,,,,earring,Ohrringe
978,,,,jewel,Juwel
979,,,,gem,Edelstein
980,,,,precious_stone,kostbarer_Stein
981,,,,necklace,Halskette
982,,,,pin,Anstecknadel
983,,,,ring,Ring
984,,,,band,Band
985,,,,tie_clip,Krawattenhalter
986,,,,bugle,Stiftperle
987,,,,anklet,Fußring
988,,,,ankle_bracelet,Fußkette
989,,,,armilla,Armilla
990,,,,pendant_earring,Hängeohrringe
991,,,,drop_earring,Ohrhänger
992,,,,eardrop,Ohrgehänge
993,,,,crown_jewel,Kronjuwel
994,,,,diamond,Diamant
995,,,,emerald,Smaragd
996,,,,pearl,Perle
997,,,,ruby,Rubin
998,,,,sapphire,Saphir
999,,,,solitaire,Solitär
1000,,,,chain,Kette
1001,,,,string,DUPLICATE_Kette
1002,,,,strand,Strang
1003,,,,choker,Kropfband
1004,,,,collar,Halsband
1005,,,,dog_collar,Hundehalsband
1006,,,,neckband,Halsbinde
1007,,,,brooch,Brosche
1008,,,,broach,DUPLICATE_Brosche
1009,,,,breastpin,Brustnadel
1010,,,,scatter_pin,DUPLICATE_Anstecknadel
1011,,,,stickpin,DUPLICATE_Krawattennadel
1012,,,,tie_tack,DUPLICATE_Krawattennadel
1013,,,,tiepin,Krawattennadel
1014,,,,scarfpin,Schalnadel
1015,,,,annulet,kleiner_Ring
1016,,,,engagement_ring,Verlobungsring
1017,,,,mourning_ring,Trauerring
1018,,,,ringlet,Ringel
1019,,,,signet_ring,Siegelring
1020,,,,seal_ring,DUPLICATE_Siegelring
1021,,,,wedding_ring,Trauring
1022,,,,wedding_band,Ehering
1023,,,,ice,di­a­man­ten­be­setzt
1024,,,,sparkler,funkelnder_Diamant
1025,,,,seed_pearl,Saatperle
1026,,,,sunburst,Sonnenstrahlen
1027,,,,,"Krawattenspange,Anhänger,Kreole,Zehenring,Goldkette,Ohrstecker,Nabelring"
1028,L03_31,hyponyms - misc,mixer,,Mixer
1029,,,,blender,Blender
1030,,,,liquidizer,Mixgerät
1031,,,,liquidiser,DUPLICATE_Mixgerät
1032,,,,eggbeater,Schneeschläger
1033,,,,eggwhisk,Schneebesen
1034,,,,electric,elektrisch
1035,,,,whisk,Quirl
1036,,,,,Standmixer
1037,L03_32,hyponyms - misc,month,,Monat
1038,,,,january,Januar
1039,,,,february,Februar
1040,,,,march,März
1041,,,,april,April
1042,,,,may,Mai
1043,,,,june,Juni
1044,,,,july,Juli
1045,,,,august,August
1046,,,,september,September
1047,,,,october,Oktober
1048,,,,november,November
1049,,,,december,Dezember
1050,,,,jan,Jan
1051,,,,feb,Feb
1052,,,,mar,Mar
1053,,,,apr,Apr
1054,,,,jun,Jun
1055,,,,jul,Jul
1056,,,,aug,Aug
1057,,,,sep,Sep
1058,,,,oct,Okt
1059,,,,nov,Nov
1060,,,,dec,Dez
1062,L03_33,hyponyms - misc,oven,,Backofen
1063,,,,broiler,Bratrost
1064,,,,dutch_oven,Feuertopf
1065,,,,gas_oven,Gasofen
1066,,,,rotisserie,Grill
1067,,,,tandoor,Tandur
1069,L03_34,hyponyms - misc,painting,,Gemälde
1070,,,,watercolor,Wasserfarbe
1071,,,,abstraction,Abstraktion
1072,,,,cityscape,Stadtansicht
1073,,,,daub,Schmiererei
1074,,,,distemper,Temperamalerei
1075,,,,finger-painting,Fingermalerei
1076,,,,icon,Ikone
1077,,,,ikon,Andachtsbild
1078,,,,landscape,Landschaft
1079,,,,miniature,Miniatur
1080,,,,illumination,Buchmalerei
1081,,,,monochrome,monochrom
1082,,,,mural,Wandgemälde
1083,,,,wall,Wandmalerei
1084,,,,nude,Aktmalerei
1085,,,,nude_painting,Aktgemälde
1086,,,,oil,Ölgemälde
1087,,,,pentimento,Pentimenti
1088,,,,sand,Sandmalerei
1089,,,,seascape,Meereslandschaft
1090,,,,waterscape,Wasserlandschaft
1091,,,,semi-abstraction,semi-abstrakte_Malerei
1092,,,,still_life,Stillleben
1093,,,,tanka,Tanka
1094,,,,water-color,DUPLICATE_Wasserfarbe
1095,,,,watercolour,DUPLICATE_Wasserfarbe
1096,,,,water-colour,DUPLICATE_Wasserfarbe
1097,,,,fresco,Fresko
1098,,,,graffitti,Graffiti
1099,,,,,"Impressionismus,Porträtmalerei,Pastellmalerei"
1100,L03_35,hyponyms - misc,poem,,Gedicht
1101,,,,haiku,Haiku
1102,,,,abecedarius,Abecedarium
1103,,,,alcaic,alkäisch
1104,,,,alcaic_verse,alkäische_Strophe
1105,,,,ballad,Ballade
1106,,,,lay,Lai
1107,,,,ballade,Balladenform
1108,,,,blank_verse,Blankvers
1109,,,,elegy,Elegie
1110,,,,lament,Trauergesang
1111,,,,epic_poem,Heldenlied
1112,,,,heroic_poem,Heldengedicht
1113,,,,epic,Versepos
1114,,,,epos,Epos
1115,,,,free_verse,freier_Vers
1116,,,,vers_libre,Vers_libre
1117,,,,lyric,Lyrik
1118,,,,lyric_poem,lyrisches_Gedicht
1119,,,,rondeau,Rondeau
1120,,,,rondel,Rondel
1121,,,,sonnet,Sonett
1122,,,,tanka,Tanka
1123,,,,terza_rima,Terzine
1124,,,,verse,Versdichtung
1125,,,,rhyme,Vers
1126,,,,versicle,Versikel
1128,L03_36,hyponyms - misc,railway,,Eisenbahn
1129,,,,monorail,Einschienenbahn
1130,,,,cable,Seilbahnwagen
1131,,,,funicular,Drahtseilbahn
1132,,,,cog,Zahnradbahn
1133,,,,rack,Zahnradbahnwagen
1134,,,,elevated,Hochbahn
1135,,,,el,HB
1136,,,,overhead,Schwebebahn
1137,,,,metro,Metro
1138,,,,tube,DUPLICATE_U-Bahn
1139,,,,underground,Untergrundbahn
1140,,,,subway,U-Bahn
1141,,,,rail,Gleis
1142,,,,,"Zweischienenbahn,Hängebahn"
1143,L03_37,hyponyms - misc,season,,Jahreszeit
1144,,,,spring,Frühling
1145,,,,harvest,Erntezeit
1146,,,,haying,Heuernte
1147,,,,fall,Herbst
1148,,,,autumn,DUPLICATE_Herbst
1149,,,,springtime,Frühlingszeit
1150,,,,summer,Sommer
1151,,,,summertime,Sommerzeit
1152,,,,winter,Winter
1153,,,,wintertime,Winterzeit
1154,,,,rainy,regnerisch
1155,,,,dry,trocken
1156,,,,growing,Anpflanzung
1157,,,,seedtime,Aussaat
1158,,,,sheepshearing,Schafschur
1159,,,,holiday,Urlaub
1160,,,,high,Hochseason
1161,,,,peak,Hauptsaison
1162,,,,off-season,Nebensaison
1163,,,,preseason,Vorsaison
1164,,,,baseball,Baseballsaison
1165,,,,basketball,Basketballsaison
1166,,,,exhibition,Messezeit
1167,,,,concert,Konzertsaison
1168,,,,fishing,Fangsaison
1169,,,,football,Fußballsaison
1170,,,,hockey,Hockeysaison
1171,,,,hunting,Jagdzeit
1172,,,,social,Sozialzeit
1173,,,,theatrical,Theatersaison
1174,,,,whitsun,Pfingsten
1175,,,,whitsuntide,Pfingstzeit
1176,,,,whitweek,Pfingstwoche
1177,,,,,Weihnachtszeit
1178,L03_38,hyponyms - misc,seat,,Sitzgelegenheit
1179,,,,chair,Stuhl
1180,,,,bench,Bank
1181,,,,box,Loge
1182,,,,ottoman,Ottomane
1183,,,,pouf,DUPLICATE_Puff
1184,,,,pouffe,Polsterhocker
1185,,,,puff,Puff
1186,,,,hassock,Sitzkissen
1187,,,,sofa,Sofa
1188,,,,couch,Couch
1189,,,,lounge,Sitzecke
1190,,,,stool,Hocker
1191,,,,toilet,Toilette
1192,,,,,Schemel
1193,L03_39,hyponyms - misc,shelf,,Regal
1194,,,,bookshelf,Bücherregal
1195,,,,hob,Kochfeld
1196,,,,mantel,DUPLICATE_Kaminsims
1197,,,,mantelpiece,Kaminsims
1198,,,,mantle,DUPLICATE_Kaminsims
1199,,,,mantlepiece,DUPLICATE_Kaminsims
1200,,,,chimneypiece,Kaminstück
1201,,,,overmantel,Kamingesims
1202,,,,berm,Berme
1203,,,,,"Wandregal,Hochregal,Rückstellregal"
1204,L03_40,hyponyms - misc,shirt,,Hemd
1205,,,,polo,Polohemd
1206,,,,camise,NO_TRANSLATION
1207,,,,dashiki,Daschiki
1208,,,,daishiki,DUPLICATE_Daschiki
1209,,,,dress,Kleid
1210,,,,evening,Abendgarderobe
1211,,,,hair,Büßerhemd
1212,,,,jersey,Trikot
1213,,,,t-shirt,T-Shirt
1214,,,,tee,DUPLICATE_T-Shirt
1215,,,,kurta,Kurta
1216,,,,sport,Sportshirt
1217,,,,tank,Tanktop
1218,,,,work-shirt,Arbeitshemd
1219,,,,,"Tunika,Smokinghemd,Flanellhemd"
1220,L03_41,hyponyms - misc,shoes,,Schuhe
1221,,,,sneakers,Sneakers
1222,,,,anklet,Riemchenschuhe
1223,,,,baby_shoes,Babyschuhe
1224,,,,balmoral,Balmoral
1225,,,,blucher,Schnürstiefel
1226,,,,bowling_shoes,Bowlingschuh
1227,,,,brogan,DUPLICATE_Arbeitsschuh
1228,,,,brogue,Budapester
1229,,,,clodhopper,Quadratlatschen
1230,,,,work_shoes,Arbeitsschuh
1231,,,,calceus,Halbstiefel
1232,,,,chopine,Chopine
1233,,,,platform_shoes,Plateauschuhe
1234,,,,chukka,Chukka-Stiefel
1235,,,,boots,Stiefel
1236,,,,cleats,Stollenschuhe
1237,,,,congress_shoes,NO_TRANSLATION
1238,,,,gaiters,Gamaschen
1239,,,,flipper_shoes,Schwimmflossen
1240,,,,fin_shoes,DUPLICATE_Schwimmflossen
1241,,,,ghillie,Gillie-Schuh
1242,,,,gillie,DUPLICATE_Gillie-Schuh
1243,,,,gym_shoes,Turnschuhe
1244,,,,tennis_shoes,Tennisschuhe
1245,,,,loafers,Slipper
1246,,,,moccasins,Mokassins
1247,,,,mocassins,DUPLICATE_Mokassins
1248,,,,oxford_shoes,Balmoral-Stiefel
1249,,,,pump_shoes,Pumps
1250,,,,running_shoes,Laufschuhe
1251,,,,sabot,Sabot
1252,,,,wooden_shoes,Holzschuh
1253,,,,sandals,Sandalen
1254,,,,slingbacks,Slingpumps
1255,,,,sling_shoes,DUPLICATE_Riemchenschuhe
1256,,,,walker_shoes,DUPLICATE_Wanderschuhe
1257,,,,walking_shoes,Wanderschuhe
1258,,,,wedgie,Schuhe_mit_Keilabsatz
1259,,,,wing_shoes,Schaftstiefel
1260,,,,tip_shoes,Steppschuhe
1261,,,,stiletto,Stiletto
1262,,,,heeled,Stöckelschuh
1263,,,,,"Maßschuh,Konfektionsschuh,Leinenschuh,Lederschuh,Tanzschuh,Gummistiefel,Stahlkappenschuh"
1264,L03_42,hyponyms - misc,sofa,,Sofa
1265,,,,divan,Diwan
1266,,,,diwan,DUPLICATE_Diwan
1267,,,,convertible_sofa,Schlafcouch
1268,,,,daybed,Tagbett
1269,,,,loveseat,Tête-à-tête
1270,,,,settee,Sitzbank
1271,,,,squab,Polsterkissen
1272,,,,,"Polsterbank,Kanapee"
1273,L03_43,hyponyms - misc,song,,Lied
1274,,,,lullaby,Schlaflied
1275,,,,religious_song,Kirchenlied
1276,,,,anthem,Hymne
1277,,,,aria,Arie
1278,,,,ballad,Ballade
1279,,,,lay,Lai
1280,,,,barcarole,Barcarole
1281,,,,barcarolle,DUPLICATE_Barcarole
1282,,,,ditty,Liedchen
1283,,,,dirge,Klagelied
1284,,,,coronach,Totenklage
1285,,,,lament,Trauergesang
1286,,,,requiem,Requiem
1287,,,,threnody,Threnodie
1288,,,,drinking_song,Trinklied
1289,,,,folk_song,Volkslied
1290,,,,folksong,Volksgesang
1291,,,,folk_ballad,Volksballade
1292,,,,lied,Kunstlied
1293,,,,love_song,Liebeslied
1294,,,,love-song,Minnesang
1295,,,,cradlesong,Wiegenlied
1296,,,,berceuse,Berceuse
1297,,,,oldie,Oldie
1298,,,,golden_oldie,Evergreen
1299,,,,partsong,mehrstimmiges_Lied
1300,,,,prothalamion,Hochzeitsgesang
1301,,,,prothalamium,NO_TRANSLATION
1302,,,,roundelay,Rundgesang
1303,,,,scolion,Skolion
1304,,,,banquet_song,Bankettlied
1305,,,,serenade,Serenade
1306,,,,torch_song,Liebeskummerschnulze
1307,,,,work_song,Arbeitslied
1308,,,,,"Chanson,Schlager,Liebslied"
1309,L03_44,hyponyms - misc,spice,,Gewürz
1310,,,,pepper,Pfeffer
1311,,,,allspice,Piment
1312,,,,ajwain,Ajowan
1313,,,,cumin,Kreuzkümmel
1314,,,,caraway_seed,Kümmelsamen
1315,,,,cardamom,Kardamom
1316,,,,cassia,Zimtkassie
1317,,,,cayenne,Cayennepfeffer
1318,,,,celery_seeds,Selleriesamen
1319,,,,chile_pepper,Chilipfeffer
1320,,,,chile,Chili
1321,,,,cinnamon,Zimt
1322,,,,clove,Gewürznelke
1323,,,,coriander,Koriander
1324,,,,dill,Dill
1325,,,,fennel,Fenchel
1326,,,,fenugreek,Bockshornklee
1327,,,,frankincense,Weihrauch
1328,,,,galangal,Galgant
1329,,,,garlic,Knoblauch
1330,,,,ginger,Ingwer
1331,,,,horseradish,Meerrettich
1332,,,,jalapeño,Jalapeño
1333,,,,juniper,Kriechwacholder
1334,,,,licorice,echtes_Süßholz
1335,,,,mace,Muskatblüte
1336,,,,mustard,Senf
1337,,,,nutmeg,Muskatnuss
1338,,,,onion,Zwiebel
1339,,,,paprika,Paprika
1340,,,,peppercorns,Pfefferkörner
1341,,,,saffron,Safran
1342,,,,savory,Bohnenkraut
1343,,,,sesame,Sesam
1344,,,,anise,Anis
1345,,,,sumac,Sumach
1346,,,,tabasco,Tabasco
1347,,,,tamarind,Tamarinde
1348,,,,turmeric,Kurkuma
1349,,,,five_spice_powder,Fünf-Gewürze-Pulver
1350,,,,powdered_ginger,Ingwerpulver
1351,,,,chinese_anise,DUPLICATE_Sternanis
1352,,,,star_anise,Sternanis
1353,,,,star_aniseed,DUPLICATE_Sternanis
1354,,,,,"Basilikum,Oregano,Kapern,Currypulver,Lorbeerblätter"
1355,L03_45,hyponyms - misc,sweater,,Sweater
1356,,,,turtleneck,Rollkragenpullover
1357,,,,cardigan,Strickjacke
1358,,,,pullover,Pullover
1359,,,,slipover,Pullunder
1360,,,,turtle,DUPLICATE_Rollkragenpullover
1361,,,,polo-neck,Rollkragenpulli
1362,,,,,"Strickpulli,Joggingpullover"
1363,L03_46,hyponyms - misc,tool,,Werkzeug
1364,,,,rake,Hake
1365,,,,abrader,Schleifmittel
1366,,,,abradant,Schmirgel
1367,,,,bender,Bieger
1368,,,,clincher,Wulst
1369,,,,comb,Kamm
1370,,,,cutting_implement,Schneidewerkzeug
1371,,,,drill,Bohrer
1372,,,,eolith,Eolith
1373,,,,fork,Gabel
1374,,,,gang,hydraulischer_Verteiler
1375,,,,garden_tool,Gartenwerkzeug
1376,,,,lawn_tool,Gartengeräte
1377,,,,grapnel,Enterhaken
1378,,,,grapple,Haken
1379,,,,grappler,Greifarm
1380,,,,grappling_hook,Wurfanker
1381,,,,grappling_iron,DUPLICATE_Enterhaken
1382,,,,hack,Hacke
1383,,,,hand_tool,Handwerkzeug
1384,,,,hoe,DUPLICATE_Hacke
1385,,,,jack,Wagenheber
1386,,,,jaws_of_life,Rettungsschere
1387,,,,neolith,Jugendsteinzeitwerkzeuge
1388,,,,paleolith,Altsteinzeitwerkzeuge
1389,,,,pestle,Stößel
1390,,,,muller,Reiber
1391,,,,pounder,Stampfer
1392,,,,plow,Pflug
1393,,,,plough,DUPLICATE_Pflug
1394,,,,power_tool,Elektrowerkzeug
1395,,,,punch,Stanze
1396,,,,puncher,Locher
1397,,,,ram,Ramme
1398,,,,rounder,Stromer
1399,,,,saw_set,Schränkzange
1400,,,,shaping_tool,Hobelwerkzeug
1401,,,,strickle,Schablone
1402,,,,stylus,Stift
1403,,,,style,Griffel
1404,,,,tamp,Walze
1405,,,,tamper,Stopfer
1406,,,,tamping_bar,Ladestock
1407,,,,tap,Hahn
1408,,,,upset,Schränkeisen
1409,,,,swage,Schmiedegesenk
1410,,,,,"Schlagbohrer,Akkuschrauber,Bohrmaschine"
1411,L03_47,hyponyms - misc,toy,,Spielzeug
1412,,,,doll,Puppe
1413,,,,ball,Ball
1414,,,,balloon,Luftballon
1415,,,,cockhorse,Schaukelpferd
1416,,,,dolly,Püppchen
1417,,,,dollhouse,Puppenhaus
1418,,,,house,Haus
1419,,,,frisbee,Frisbee
1420,,,,hobby,Hobby
1421,,,,hobbyhorse,Steckenpferd
1422,,,,rocking,Schauckel
1423,,,,horse,Pferd
1424,,,,hula-hoop,Hula-Hoop
1425,,,,jack-in-the-box,Schachtelteufel
1426,,,,jungle,Jungle
1427,,,,gym,Fitnessstudio
1428,,,,jumping,Springen
1429,,,,jack,Hampelmann
1430,,,,kaleidoscope,Kaleidoskop
1431,,,,kite,Kite
1432,,,,lego,Lego
1433,,,,meccano,Meccano
1434,,,,shooter,Shooter
1435,,,,pinata,Piñata
1436,,,,pinwheel,Windrädchen
1437,,,,playhouse,Spielhaus
1438,,,,wendy,Kinderspielhaus
1439,,,,pogo,Pogo
1440,,,,stick,NO_TRANSLATION
1441,,,,popgun,Kindergewehr
1442,,,,rattle,Rassel
1443,,,,sandbox,Sandkasten
1444,,,,sandpile,Sandhaufen
1445,,,,sandpit,Buddelkasten
1446,,,,seesaw,DUPLICATE_Wippe
1447,,,,teeter,DUPLICATE_Wippe
1448,,,,teeter-totter,Wippe
1449,,,,teetertotter,DUPLICATE_Wippe
1450,,,,teeterboard,DUPLICATE_Wippe
1451,,,,tilting,Stehaufmännchen
1452,,,,board,Brettspiel
1453,,,,dandle,wiegen
1454,,,,slide,Rutsche
1455,,,,playground,Spielplatz
1456,,,,sliding,rutschen
1457,,,,slingshot,Steinschleuder
1458,,,,sling,Schleuder
1459,,,,catapult,Katapult
1460,,,,swing,Schaukel
1461,,,,teddy,Teddy
1462,,,,bear,Teddybär
1463,,,,top,DUPLICATE_Schaukel
1464,,,,whirligig,Windrad
1465,,,,teetotum,Nimmgib
1466,,,,spinning,Kreisel
1467,,,,train,Zug
1468,,,,water_pistol,Wasserpistole
1469,,,,gun,Spielzeugpistole
1470,,,,squirt,Wasserkanone
1471,,,,squirter,Spritzpistole
1472,,,,yo-yo,Jo-Jo
1473,,,,,"Knetmasse,Buntstifte,Hüpfseil,Modellflugzeug,Kaufladen,Ball"
1474,L03_48,hyponyms - misc,trousers,,Hosen
1475,,,,jeans,Jeans
1476,,,,bellbottom_trousers,DUPLICATE_Schlaghose
1477,,,,bell-bottoms,Schlaghose
1478,,,,bellbottom_pants,DUPLICATE_Schlaghose
1479,,,,breeches,Breeches
1480,,,,knee_breeches,Kniebundhose
1481,,,,knee_pants,Kniehose
1482,,,,knickerbockers,Knickerbocker
1483,,,,knickers,Schlüpfer
1484,,,,chino,Chinohose
1485,,,,churidars,Salwar_Kamiz
1486,,,,cords,Kordhose
1487,,,,corduroys,Cordhose
1488,,,,flannel,Flanellhose
1489,,,,gabardine,Gabardine-Hose
1490,,,,tweed,Tweedhose
1491,,,,white,weiße_Hose
1492,,,,jean,DUPLICATE_Jeans
1493,,,,blue_jean,Bluejeans
1494,,,,denim,Denimhose
1495,,,,jodhpurs,Jodhpurhose
1496,,,,jodhpur_breeches,DUPLICATE_Reithose
1497,,,,riding_breeches,Reithose
1498,,,,long_trousers,lange_Hose
1499,,,,long_pants,lange_Unterhose
1500,,,,pajama,Schlafanzugshose
1501,,,,pyjama,Pyjamahose
1502,,,,pantaloon,Pluderhose
1503,,,,pedal_pusher,Fischerhose
1504,,,,toreador_pants,Caprihose
1505,,,,salwar,Salwar
1506,,,,shalwar,Shalwar
1507,,,,short_pants,kurze_Hose
1508,,,,shorts,Shorts
1509,,,,trunks,Sporthose
1510,,,,slacks,Freizeithose
1511,,,,stretch_pants,Stretchhose
1512,,,,sweat_pants,Trainingshose
1513,,,,sweatpants,Jogginghose
1514,,,,trews,Trews
1515,,,,britches,DUPLICATE_Kniehose
1516,,,,buckskins,Wildlederhose
1517,,,,plus_fours,wadenlange_Hose
1518,,,,trunk_hose,Beinlinge
1519,,,,levi's,Levi's
1520,,,,levis,Levis
1521,,,,bermuda_shorts,Bermudashorts
1522,,,,jamaica_shorts,Jamaikahose
1523,,,,hot_pants,Hot_Pants
1524,,,,lederhosen,Lederhosen
1525,,,,,"Boxershorts,Turnhosen,Leggins,Radfahrerhose,Stoffhose"
1526,L03_49,hyponyms - misc,weapon,,Waffe
1527,,,,gun,Schusswaffe
1528,,,,bow,Bogen
1529,,,,arrow,Pfeil
1530,,,,dart,Dartpfeil
1531,,,,knucks,Schlagring
1532,,,,knuckles,DUPLICATE_Schlagring
1533,,,,flamethrower,Flammenwerfer
1534,,,,knife,Messer
1535,,,,missile,Geschoss
1536,,,,pike,Spieß
1537,,,,projectile,Projektil
1538,,,,slasher,Haumesser
1539,,,,sling,Schleuder
1540,,,,spear,Speer
1541,,,,lance,Lanze
1542,,,,shaft,Stiel
1543,,,,stun,Elektroschocker
1544,,,,baton,Schlagstock
1545,,,,sword,Schwert
1546,,,,blade,Klinge
1547,,,,brand,DUPLICATE_Schwert
1548,,,,steel,Stahl
1549,,,,tomahawk,Tomahawk
1550,,,,hatchet,Beil
1551,,,,fire,Feuerwaffe
1552,,,,,"Axt,Katapult,Kanone,Maschinengewehr,Degen"
1553,L03_50,hyponyms - misc,weekday,,Wochentag
1554,,,,monday,Montag
1555,,,,workday,Arbeitstag
1556,,,,working_day,DUPLICATE_Arbeitstag
1557,,,,work_day,DUPLICATE_Arbeitstag
1558,,,,feria,Ferie
1559,,,,mon,Mon
1560,,,,tuesday,Dienstag
1561,,,,tues,Die
1562,,,,wednesday,Mittwoch
1563,,,,midweek,Wochenmitte
1564,,,,wed,Mitt
1565,,,,thursday,Donnerstag
1566,,,,th,Do
1567,,,,friday,Freitag
1568,,,,fri,Frei
1569,,,,saturday,Samstag
1570,,,,sabbatum,Sabbat
1571,,,,sat,Sa
1572,,,,,"Sonnabend,Schultag"
